assessmentId,attemptId,attempts,bandedPercentageScore,canRetry,complete,correctCount,date,datetime,duration,isDeleted,isLive,maxScore,pass,percentageScore,questionCount,scope,score,sessionId,status,userId
a-1,g6iej,0,,false,false,-1,2023-01-17T00:00:00.0000,2023-01-17T22:53:32.1779,0,false,false,0,false,,-1,sj_family_products_dangerous_goods,0,fef78aa8a3ce714493d04e465300104e1602e1206afb0e558c7e253cfd69b748,started,3e63264e969211153630003042862a0011f6f959d3b01ca2f7155667b07734e0
a-1,g6iej,1,0.2,false,true,1,2023-01-17T00:00:00.0000,2023-01-17T22:53:44.5339,12357,false,false,5,true,0.2,5,sj_family_products_dangerous_goods,1,fef78aa8a3ce714493d04e465300104e1602e1206afb0e558c7e253cfd69b748,completed,3e63264e969211153630003042862a0011f6f959d3b01ca2f7155667b07734e0
a-2,g6iej,0,,false,false,-1,2023-01-17T00:00:00.0000,2023-01-17T22:53:53.8959,0,false,false,0,false,,-1,sj_family_products_dangerous_goods,0,fef78aa8a3ce714493d04e465300104e1602e1206afb0e558c7e253cfd69b748,started,3e63264e969211153630003042862a0011f6f959d3b01ca2f7155667b07734e0
a-2,g6iej,1,0.4,false,true,2,2023-01-17T00:00:00.0000,2023-01-17T22:54:10.3020,16323,false,false,5,true,0.4,5,sj_family_products_dangerous_goods,2,fef78aa8a3ce714493d04e465300104e1602e1206afb0e558c7e253cfd69b748,completed,3e63264e969211153630003042862a0011f6f959d3b01ca2f7155667b07734e0
a-3,g6iej,0,,false,false,-1,2023-01-17T00:00:00.0000,2023-01-17T22:54:19.3789,0,false,false,0,false,,-1,sj_family_products_dangerous_goods,0,fef78aa8a3ce714493d04e465300104e1602e1206afb0e558c7e253cfd69b748,started,3e63264e969211153630003042862a0011f6f959d3b01ca2f7155667b07734e0
a-3,g6iej,1,0.4,false,true,2,2023-01-17T00:00:00.0000,2023-01-17T22:54:43.5780,23994,false,false,5,true,0.4,5,sj_family_products_dangerous_goods,2,fef78aa8a3ce714493d04e465300104e1602e1206afb0e558c7e253cfd69b748,completed,3e63264e969211153630003042862a0011f6f959d3b01ca2f7155667b07734e0
a-1,wcjje,0,,false,false,-1,2023-01-18T00:00:00.0000,2023-01-18T09:33:47.3510,0,false,false,0,false,,-1,sj_family_products_dangerous_goods,0,fda1028eb5b1e69b1450c9950bb549c8068b2b112c5a30b4ac199a81c926b87b,started,3e63264e969211153630003042862a0011f6f959d3b01ca2f7155667b07734e0
a-1,wcjje,1,1,false,true,5,2023-01-18T00:00:00.0000,2023-01-18T09:34:07.9030,20606,false,false,5,true,1,5,sj_family_products_dangerous_goods,5,fda1028eb5b1e69b1450c9950bb549c8068b2b112c5a30b4ac199a81c926b87b,completed,3e63264e969211153630003042862a0011f6f959d3b01ca2f7155667b07734e0
a-2,wcjje,0,,false,false,-1,2023-01-18T00:00:00.0000,2023-01-18T09:34:31.5120,0,false,false,0,false,,-1,sj_family_products_dangerous_goods,0,fda1028eb5b1e69b1450c9950bb549c8068b2b112c5a30b4ac199a81c926b87b,started,3e63264e969211153630003042862a0011f6f959d3b01ca2f7155667b07734e0
a-2,wcjje,1,0.6,false,true,3,2023-01-18T00:00:00.0000,2023-01-18T09:35:00.1549,28655,false,false,5,true,0.6,5,sj_family_products_dangerous_goods,3,fda1028eb5b1e69b1450c9950bb549c8068b2b112c5a30b4ac199a81c926b87b,completed,3e63264e969211153630003042862a0011f6f959d3b01ca2f7155667b07734e0
a-3,wcjje,0,,false,false,-1,2023-01-18T00:00:00.0000,2023-01-18T09:35:21.5409,0,false,false,0,false,,-1,sj_family_products_dangerous_goods,0,fda1028eb5b1e69b1450c9950bb549c8068b2b112c5a30b4ac199a81c926b87b,started,3e63264e969211153630003042862a0011f6f959d3b01ca2f7155667b07734e0
a-3,wcjje,1,0.2,false,true,1,2023-01-18T00:00:00.0000,2023-01-18T09:36:35.5799,74004,false,false,5,true,0.2,5,sj_family_products_dangerous_goods,1,fda1028eb5b1e69b1450c9950bb549c8068b2b112c5a30b4ac199a81c926b87b,completed,3e63264e969211153630003042862a0011f6f959d3b01ca2f7155667b07734e0
a-1,1e1yg,0,,false,false,-1,2023-01-18T00:00:00.0000,2023-01-18T12:28:48.0299,0,false,false,0,false,,-1,sj_family_products_dangerous_goods,0,a6b19b97fe8d99474d93fbc753115fdee41ebeaaa349fafd02bd2020ea75a423,started,9796bf82554a10cddbe13cab4dec0e1c886459c116f69612d7baad5901c6f136
a-1,1e1yg,1,0.4,false,true,2,2023-01-18T00:00:00.0000,2023-01-18T12:29:03.4900,15548,false,false,5,true,0.4,5,sj_family_products_dangerous_goods,2,a6b19b97fe8d99474d93fbc753115fdee41ebeaaa349fafd02bd2020ea75a423,completed,9796bf82554a10cddbe13cab4dec0e1c886459c116f69612d7baad5901c6f136
a-2,1e1yg,0,,false,false,-1,2023-01-18T00:00:00.0000,2023-01-18T12:29:12.1670,0,false,false,0,false,,-1,sj_family_products_dangerous_goods,0,a6b19b97fe8d99474d93fbc753115fdee41ebeaaa349fafd02bd2020ea75a423,started,9796bf82554a10cddbe13cab4dec0e1c886459c116f69612d7baad5901c6f136
a-2,1e1yg,1,0.6,false,true,3,2023-01-18T00:00:00.0000,2023-01-18T12:29:27.8540,15557,false,false,5,true,0.6,5,sj_family_products_dangerous_goods,3,a6b19b97fe8d99474d93fbc753115fdee41ebeaaa349fafd02bd2020ea75a423,completed,9796bf82554a10cddbe13cab4dec0e1c886459c116f69612d7baad5901c6f136
a-3,1e1yg,0,,false,false,-1,2023-01-18T00:00:00.0000,2023-01-18T12:29:36.2400,0,false,false,0,false,,-1,sj_family_products_dangerous_goods,0,a6b19b97fe8d99474d93fbc753115fdee41ebeaaa349fafd02bd2020ea75a423,started,9796bf82554a10cddbe13cab4dec0e1c886459c116f69612d7baad5901c6f136
a-3,1e1yg,1,0.8,false,true,4,2023-01-18T00:00:00.0000,2023-01-18T12:30:06.7260,30481,false,false,5,true,0.8,5,sj_family_products_dangerous_goods,4,a6b19b97fe8d99474d93fbc753115fdee41ebeaaa349fafd02bd2020ea75a423,completed,9796bf82554a10cddbe13cab4dec0e1c886459c116f69612d7baad5901c6f136
a-1,a3bgo,0,,false,false,-1,2023-01-18T00:00:00.0000,2023-01-18T13:01:27.3789,0,false,false,0,false,,-1,sj_family_products_dangerous_goods,0,3e717493e0c59048e9fe165689dd63f5b38132dd038468ad5da07fe2bda69c4e,started,69226dbdbd7255eaa3cf3cb7d4bbe0ce9f3ee16f3fdf9e03310aa69df8c7fcc7
a-1,hb6pt,0,,false,false,-1,2023-01-18T00:00:00.0000,2023-01-18T13:08:47.7179,0,false,false,0,false,,-1,sj_family_products_dangerous_goods,0,951206f6c9e4c6630c141b63716c1252b5cc1769d05a4433ff2a5e60247d5e89,started,69226dbdbd7255eaa3cf3cb7d4bbe0ce9f3ee16f3fdf9e03310aa69df8c7fcc7
a-1,w25te,0,,false,false,-1,2023-01-18T00:00:00.0000,2023-01-18T13:09:19.0490,0,false,false,0,false,,-1,sj_family_products_dangerous_goods,0,122ce2be3e448c431dfeeb5c9ea5ea439903eddd3738b6df6c81d633002ced95,started,69226dbdbd7255eaa3cf3cb7d4bbe0ce9f3ee16f3fdf9e03310aa69df8c7fcc7
a-1,e38e2,0,,false,false,-1,2023-01-18T00:00:00.0000,2023-01-18T13:09:33.5799,0,false,false,0,false,,-1,sj_family_products_dangerous_goods,0,912b50ed9e59330b0ebdb884129f34a8273a2ba967b67dcd94b43a18ec3ce5fa,started,69226dbdbd7255eaa3cf3cb7d4bbe0ce9f3ee16f3fdf9e03310aa69df8c7fcc7
a-1,e38e2,1,0.6,false,true,3,2023-01-18T00:00:00.0000,2023-01-18T18:33:13.4319,19419767,false,false,5,true,0.6,5,sj_family_products_dangerous_goods,3,912b50ed9e59330b0ebdb884129f34a8273a2ba967b67dcd94b43a18ec3ce5fa,completed,69226dbdbd7255eaa3cf3cb7d4bbe0ce9f3ee16f3fdf9e03310aa69df8c7fcc7
Assessment 1,4sihh,0,,false,false,-1,2023-01-19T00:00:00.0000,2023-01-19T13:31:26.3090,0,false,false,0,false,,-1,sj_family_products_dangerous_goods,0,b6390e6cf8f8255e101a93f33d809788355478d374d2566871f40a2f95f3d935,started,3e63264e969211153630003042862a0011f6f959d3b01ca2f7155667b07734e0
Assessment 1,4sihh,1,0.6,false,true,3,2023-01-19T00:00:00.0000,2023-01-19T13:31:41.7520,15543,false,false,5,true,0.6,5,sj_family_products_dangerous_goods,3,b6390e6cf8f8255e101a93f33d809788355478d374d2566871f40a2f95f3d935,completed,3e63264e969211153630003042862a0011f6f959d3b01ca2f7155667b07734e0
Assessment 2,4sihh,0,,false,false,-1,2023-01-19T00:00:00.0000,2023-01-19T13:31:50.2160,0,false,false,0,false,,-1,sj_family_products_dangerous_goods,0,b6390e6cf8f8255e101a93f33d809788355478d374d2566871f40a2f95f3d935,started,3e63264e969211153630003042862a0011f6f959d3b01ca2f7155667b07734e0
Assessment 2,4sihh,1,0.4,false,true,2,2023-01-19T00:00:00.0000,2023-01-19T13:32:03.9690,13791,false,false,5,true,0.4,5,sj_family_products_dangerous_goods,2,b6390e6cf8f8255e101a93f33d809788355478d374d2566871f40a2f95f3d935,completed,3e63264e969211153630003042862a0011f6f959d3b01ca2f7155667b07734e0
Assessment 3,4sihh,0,,false,false,-1,2023-01-19T00:00:00.0000,2023-01-19T13:32:12.2820,0,false,false,0,false,,-1,sj_family_products_dangerous_goods,0,b6390e6cf8f8255e101a93f33d809788355478d374d2566871f40a2f95f3d935,started,3e63264e969211153630003042862a0011f6f959d3b01ca2f7155667b07734e0
Assessment 3,4sihh,1,0.4,false,true,2,2023-01-19T00:00:00.0000,2023-01-19T13:32:26.9519,14664,false,false,5,true,0.4,5,sj_family_products_dangerous_goods,2,b6390e6cf8f8255e101a93f33d809788355478d374d2566871f40a2f95f3d935,completed,3e63264e969211153630003042862a0011f6f959d3b01ca2f7155667b07734e0
Assessment 1,qz844,0,,false,false,-1,2023-01-19T00:00:00.0000,2023-01-19T14:30:07.8150,0,false,false,0,false,,-1,sj_family_products_dangerous_goods,0,6c5103613b6a75531e47958ddcd7b9608ae3fbec3db9213e7b3a105f659f88dd,started,3e63264e969211153630003042862a0011f6f959d3b01ca2f7155667b07734e0
Assessment 1,qz844,1,0.2,false,true,1,2023-01-19T00:00:00.0000,2023-01-19T14:30:40.9140,33078,false,false,5,true,0.2,5,sj_family_products_dangerous_goods,1,6c5103613b6a75531e47958ddcd7b9608ae3fbec3db9213e7b3a105f659f88dd,completed,3e63264e969211153630003042862a0011f6f959d3b01ca2f7155667b07734e0
Assessment 2,qz844,0,,false,false,-1,2023-01-19T00:00:00.0000,2023-01-19T14:30:49.7279,0,false,false,0,false,,-1,sj_family_products_dangerous_goods,0,6c5103613b6a75531e47958ddcd7b9608ae3fbec3db9213e7b3a105f659f88dd,started,3e63264e969211153630003042862a0011f6f959d3b01ca2f7155667b07734e0
Assessment 2,qz844,1,0.2,false,true,1,2023-01-19T00:00:00.0000,2023-01-19T14:31:08.3110,18381,false,false,5,true,0.2,5,sj_family_products_dangerous_goods,1,6c5103613b6a75531e47958ddcd7b9608ae3fbec3db9213e7b3a105f659f88dd,completed,3e63264e969211153630003042862a0011f6f959d3b01ca2f7155667b07734e0
Assessment 3,qz844,0,,false,false,-1,2023-01-19T00:00:00.0000,2023-01-19T14:31:21.8250,0,false,false,0,false,,-1,sj_family_products_dangerous_goods,0,6c5103613b6a75531e47958ddcd7b9608ae3fbec3db9213e7b3a105f659f88dd,started,3e63264e969211153630003042862a0011f6f959d3b01ca2f7155667b07734e0
Assessment 3,qz844,1,0.2,false,true,1,2023-01-19T00:00:00.0000,2023-01-19T14:31:44.6670,22770,false,false,5,true,0.2,5,sj_family_products_dangerous_goods,1,6c5103613b6a75531e47958ddcd7b9608ae3fbec3db9213e7b3a105f659f88dd,completed,3e63264e969211153630003042862a0011f6f959d3b01ca2f7155667b07734e0
Assessment 1,86zws,0,,false,false,-1,2023-01-19T00:00:00.0000,2023-01-19T14:46:32.1519,0,false,false,0,false,,-1,sj_family_products_dangerous_goods,0,e4bc26270e1a2ac75f6648d91ccad44c12acbd42a0deb1032ebfc98e7bb13366,started,3e63264e969211153630003042862a0011f6f959d3b01ca2f7155667b07734e0
Assessment 1,86zws,0,,false,false,-1,2023-01-19T00:00:00.0000,2023-01-19T14:46:38.1199,5969,false,false,0,false,,-1,sj_family_products_dangerous_goods,0,e4bc26270e1a2ac75f6648d91ccad44c12acbd42a0deb1032ebfc98e7bb13366,exited,3e63264e969211153630003042862a0011f6f959d3b01ca2f7155667b07734e0
Assessment 1,0skr2,0,,false,false,-1,2023-01-19T00:00:00.0000,2023-01-19T16:39:00.0030,0,false,false,0,false,,-1,sj_family_products_dangerous_goods,0,49a2db67fb7078275668ce9a640385002343b6fc140e4870ee8000b8a5bda0db,started,3e63264e969211153630003042862a0011f6f959d3b01ca2f7155667b07734e0
Assessment 1,0skr2,0,,false,false,-1,2023-01-19T00:00:00.0000,2023-01-19T16:59:23.8910,1223886,false,false,0,false,,-1,sj_family_products_dangerous_goods,0,49a2db67fb7078275668ce9a640385002343b6fc140e4870ee8000b8a5bda0db,exited,3e63264e969211153630003042862a0011f6f959d3b01ca2f7155667b07734e0
Assessment 1,0skr2,0,,false,false,-1,2023-01-19T00:00:00.0000,2023-01-19T16:59:24.0590,0,false,false,0,false,,-1,sj_family_products_dangerous_goods,0,49a2db67fb7078275668ce9a640385002343b6fc140e4870ee8000b8a5bda0db,started,3e63264e969211153630003042862a0011f6f959d3b01ca2f7155667b07734e0
Assessment 1,0skr2,1,1,false,true,5,2023-01-19T00:00:00.0000,2023-01-19T16:59:29.6050,5699,false,false,5,true,1,5,sj_family_products_dangerous_goods,5,49a2db67fb7078275668ce9a640385002343b6fc140e4870ee8000b8a5bda0db,completed,3e63264e969211153630003042862a0011f6f959d3b01ca2f7155667b07734e0
Assessment 2,0skr2,1,1,false,true,5,2023-01-19T00:00:00.0000,2023-01-19T16:59:39.6870,1674147579618,false,false,5,true,1,5,sj_family_products_dangerous_goods,5,49a2db67fb7078275668ce9a640385002343b6fc140e4870ee8000b8a5bda0db,completed,3e63264e969211153630003042862a0011f6f959d3b01ca2f7155667b07734e0
Assessment 3,0skr2,0,,false,false,-1,2023-01-19T00:00:00.0000,2023-01-19T16:59:49.9040,0,false,false,0,false,,-1,sj_family_products_dangerous_goods,0,49a2db67fb7078275668ce9a640385002343b6fc140e4870ee8000b8a5bda0db,started,3e63264e969211153630003042862a0011f6f959d3b01ca2f7155667b07734e0
Assessment 1,sag76,0,,false,false,-1,2023-01-20T00:00:00.0000,2023-01-20T12:00:50.9700,0,false,false,0,false,,-1,sj_family_products_dangerous_goods,0,048ed2fcefaa019ade934f76796fef0327ff6133437055e71ddfafa46be6212e,started,3e63264e969211153630003042862a0011f6f959d3b01ca2f7155667b07734e0
Assessment 1,sag76,1,0.4,false,true,2,2023-01-20T00:00:00.0000,2023-01-20T12:01:27.9579,37044,false,false,5,true,0.4,5,sj_family_products_dangerous_goods,2,048ed2fcefaa019ade934f76796fef0327ff6133437055e71ddfafa46be6212e,completed,3e63264e969211153630003042862a0011f6f959d3b01ca2f7155667b07734e0
Assessment 2,sag76,0,,false,false,-1,2023-01-20T00:00:00.0000,2023-01-20T12:02:28.9400,0,false,false,0,false,,-1,sj_family_products_dangerous_goods,0,048ed2fcefaa019ade934f76796fef0327ff6133437055e71ddfafa46be6212e,started,3e63264e969211153630003042862a0011f6f959d3b01ca2f7155667b07734e0
Assessment 2,sag76,1,0.8,false,true,4,2023-01-20T00:00:00.0000,2023-01-20T12:04:06.7739,97826,false,false,5,true,0.8,5,sj_family_products_dangerous_goods,4,048ed2fcefaa019ade934f76796fef0327ff6133437055e71ddfafa46be6212e,completed,3e63264e969211153630003042862a0011f6f959d3b01ca2f7155667b07734e0
Assessment 3,sag76,0,,false,false,-1,2023-01-20T00:00:00.0000,2023-01-20T12:04:30.6059,0,false,false,0,false,,-1,sj_family_products_dangerous_goods,0,048ed2fcefaa019ade934f76796fef0327ff6133437055e71ddfafa46be6212e,started,3e63264e969211153630003042862a0011f6f959d3b01ca2f7155667b07734e0
Assessment 3,sag76,1,0.2,false,true,1,2023-01-20T00:00:00.0000,2023-01-20T12:05:14.7739,44161,false,false,5,true,0.2,5,sj_family_products_dangerous_goods,1,048ed2fcefaa019ade934f76796fef0327ff6133437055e71ddfafa46be6212e,completed,3e63264e969211153630003042862a0011f6f959d3b01ca2f7155667b07734e0
Assessment 1,6xnxd,0,,false,false,-1,2023-01-20T00:00:00.0000,2023-01-20T12:27:30.3050,0,false,false,0,false,,-1,sj_family_products_dangerous_goods,0,ba468366db6ecc80e515a290e5b99b96a141b0682e10ac62bc406909413a5498,started,3e63264e969211153630003042862a0011f6f959d3b01ca2f7155667b07734e0
Assessment 1,6xnxd,1,0.6,false,true,3,2023-01-20T00:00:00.0000,2023-01-20T12:28:12.0339,41848,false,false,5,true,0.6,5,sj_family_products_dangerous_goods,3,ba468366db6ecc80e515a290e5b99b96a141b0682e10ac62bc406909413a5498,completed,3e63264e969211153630003042862a0011f6f959d3b01ca2f7155667b07734e0
Assessment 2,6xnxd,0,,false,false,-1,2023-01-20T00:00:00.0000,2023-01-20T12:28:29.0769,0,false,false,0,false,,-1,sj_family_products_dangerous_goods,0,ba468366db6ecc80e515a290e5b99b96a141b0682e10ac62bc406909413a5498,started,3e63264e969211153630003042862a0011f6f959d3b01ca2f7155667b07734e0
Assessment 2,6xnxd,1,0.8,false,true,4,2023-01-20T00:00:00.0000,2023-01-20T12:29:26.5109,57422,false,false,5,true,0.8,5,sj_family_products_dangerous_goods,4,ba468366db6ecc80e515a290e5b99b96a141b0682e10ac62bc406909413a5498,completed,3e63264e969211153630003042862a0011f6f959d3b01ca2f7155667b07734e0
Assessment 3,6xnxd,0,,false,false,-1,2023-01-20T00:00:00.0000,2023-01-20T12:29:50.7709,0,false,false,0,false,,-1,sj_family_products_dangerous_goods,0,ba468366db6ecc80e515a290e5b99b96a141b0682e10ac62bc406909413a5498,started,3e63264e969211153630003042862a0011f6f959d3b01ca2f7155667b07734e0
Assessment 3,6xnxd,1,0.8,false,true,4,2023-01-20T00:00:00.0000,2023-01-20T12:35:13.5380,322743,false,false,5,true,0.8,5,sj_family_products_dangerous_goods,4,ba468366db6ecc80e515a290e5b99b96a141b0682e10ac62bc406909413a5498,completed,3e63264e969211153630003042862a0011f6f959d3b01ca2f7155667b07734e0
Assessment 1,eqy80,0,,false,false,-1,2023-01-20T00:00:00.0000,2023-01-20T12:49:56.1730,0,false,false,0,false,,-1,sj_family_products_dangerous_goods,0,7f54fdb2dc8cf54cc882f00f1336cf6fcbae1f88cfa28cffc1404dd7a229f6e7,started,8c6976e5b5410415bde908bd4dee15dfb167a9c873fc4bb8a81f6f2ab448a918
Assessment 1,eqy80,1,0.6,false,true,3,2023-01-20T00:00:00.0000,2023-01-20T12:50:29.2739,33156,false,false,5,true,0.6,5,sj_family_products_dangerous_goods,3,7f54fdb2dc8cf54cc882f00f1336cf6fcbae1f88cfa28cffc1404dd7a229f6e7,completed,8c6976e5b5410415bde908bd4dee15dfb167a9c873fc4bb8a81f6f2ab448a918
Assessment 1,iwqiz,0,,false,false,-1,2023-01-20T00:00:00.0000,2023-01-20T14:43:50.9639,0,false,false,0,false,,-1,sj_family_products_dangerous_goods,0,fa7e58abcb99f088e6c8ebe60ae6ec303bc166564f544e082893a03204841480,started,8c6976e5b5410415bde908bd4dee15dfb167a9c873fc4bb8a81f6f2ab448a918
Assessment 1,lhwl2,0,,false,false,-1,2023-01-20T00:00:00.0000,2023-01-20T14:59:09.8900,0,false,false,0,false,,-1,sj_family_products_dangerous_goods,0,57138ee6fff3a13b02e57aebfbaedbb7b88927d1d86e7346f998a161f3bef844,started,dced06dad0d3fd46f5b4f2fe573f54817587f99348a906537b3f5ba5bb4364a0
Assessment 1,8uzv3,0,,false,false,-1,2023-01-20T00:00:00.0000,2023-01-20T15:00:18.4070,0,false,false,0,false,,-1,sj_family_products_dangerous_goods,0,f786cd5ea2c65ee6971630bbff49e3a8ee5a34447d65ec77b655bf21d51793cf,started,dced06dad0d3fd46f5b4f2fe573f54817587f99348a906537b3f5ba5bb4364a0
Assessment 1,8uzv3,1,0.8,false,true,4,2023-01-20T00:00:00.0000,2023-01-20T15:00:40.3519,21896,false,false,5,true,0.8,5,sj_family_products_dangerous_goods,4,f786cd5ea2c65ee6971630bbff49e3a8ee5a34447d65ec77b655bf21d51793cf,completed,dced06dad0d3fd46f5b4f2fe573f54817587f99348a906537b3f5ba5bb4364a0
Assessment 1,uay2o,0,,false,false,-1,2023-01-20T00:00:00.0000,2023-01-20T15:00:57.9419,0,false,false,0,false,,-1,sj_family_products_dangerous_goods,0,67f7e0b47b38949e5d844d3bfaf7ceff9f53e3d6a4548b3aacab81a7075cbd56,started,a931ee378af64d2c6b99181d2ff408c9747472db83949f9b693f02bbc4b6ec7f
Assessment 2,8uzv3,0,,false,false,-1,2023-01-20T00:00:00.0000,2023-01-20T15:01:02.7190,0,false,false,0,false,,-1,sj_family_products_dangerous_goods,0,f786cd5ea2c65ee6971630bbff49e3a8ee5a34447d65ec77b655bf21d51793cf,started,dced06dad0d3fd46f5b4f2fe573f54817587f99348a906537b3f5ba5bb4364a0
Assessment 2,8uzv3,1,0.4,false,true,2,2023-01-20T00:00:00.0000,2023-01-20T15:01:36.0769,33340,false,false,5,true,0.4,5,sj_family_products_dangerous_goods,2,f786cd5ea2c65ee6971630bbff49e3a8ee5a34447d65ec77b655bf21d51793cf,completed,dced06dad0d3fd46f5b4f2fe573f54817587f99348a906537b3f5ba5bb4364a0
Assessment 3,8uzv3,0,,false,false,-1,2023-01-20T00:00:00.0000,2023-01-20T15:01:54.3959,0,false,false,0,false,,-1,sj_family_products_dangerous_goods,0,f786cd5ea2c65ee6971630bbff49e3a8ee5a34447d65ec77b655bf21d51793cf,started,dced06dad0d3fd46f5b4f2fe573f54817587f99348a906537b3f5ba5bb4364a0
Assessment 1,uay2o,1,0.6,false,true,3,2023-01-20T00:00:00.0000,2023-01-20T15:01:58.8280,61200,false,false,5,true,0.6,5,sj_family_products_dangerous_goods,3,67f7e0b47b38949e5d844d3bfaf7ceff9f53e3d6a4548b3aacab81a7075cbd56,completed,a931ee378af64d2c6b99181d2ff408c9747472db83949f9b693f02bbc4b6ec7f
Assessment 3,8uzv3,1,0.2,false,true,1,2023-01-20T00:00:00.0000,2023-01-20T15:02:24.7360,30333,false,false,5,true,0.2,5,sj_family_products_dangerous_goods,1,f786cd5ea2c65ee6971630bbff49e3a8ee5a34447d65ec77b655bf21d51793cf,completed,dced06dad0d3fd46f5b4f2fe573f54817587f99348a906537b3f5ba5bb4364a0
Assessment 2,uay2o,0,,false,false,-1,2023-01-20T00:00:00.0000,2023-01-20T15:03:05.2490,0,false,false,0,false,,-1,sj_family_products_dangerous_goods,0,67f7e0b47b38949e5d844d3bfaf7ceff9f53e3d6a4548b3aacab81a7075cbd56,started,a931ee378af64d2c6b99181d2ff408c9747472db83949f9b693f02bbc4b6ec7f
Assessment 2,uay2o,1,0.6,false,true,3,2023-01-20T00:00:00.0000,2023-01-20T15:08:28.5450,323286,false,false,5,true,0.6,5,sj_family_products_dangerous_goods,3,67f7e0b47b38949e5d844d3bfaf7ceff9f53e3d6a4548b3aacab81a7075cbd56,completed,a931ee378af64d2c6b99181d2ff408c9747472db83949f9b693f02bbc4b6ec7f
Assessment 3,uay2o,0,,false,false,-1,2023-01-20T00:00:00.0000,2023-01-20T15:08:58.6459,0,false,false,0,false,,-1,sj_family_products_dangerous_goods,0,67f7e0b47b38949e5d844d3bfaf7ceff9f53e3d6a4548b3aacab81a7075cbd56,started,a931ee378af64d2c6b99181d2ff408c9747472db83949f9b693f02bbc4b6ec7f
Assessment 3,uay2o,1,0.2,false,true,1,2023-01-20T00:00:00.0000,2023-01-20T15:10:20.3529,81681,false,false,5,true,0.2,5,sj_family_products_dangerous_goods,1,67f7e0b47b38949e5d844d3bfaf7ceff9f53e3d6a4548b3aacab81a7075cbd56,completed,a931ee378af64d2c6b99181d2ff408c9747472db83949f9b693f02bbc4b6ec7f
Assessment 1,c4v74,0,,false,false,-1,2023-01-20T00:00:00.0000,2023-01-20T16:51:27.6960,0,false,false,0,false,,-1,sj_family_products_dangerous_goods,0,f3ad428285a579f74ce91596a47136d8d33d8af391ad3ee2115dce752d902aed,started,4053306ded045b92debcaad7c35c6392874128c7b765e22ebad19eef2a38e01b
Assessment 1,c4v74,1,0.8,false,true,4,2023-01-20T00:00:00.0000,2023-01-20T16:52:15.4639,47807,false,false,5,true,0.8,5,sj_family_products_dangerous_goods,4,f3ad428285a579f74ce91596a47136d8d33d8af391ad3ee2115dce752d902aed,completed,4053306ded045b92debcaad7c35c6392874128c7b765e22ebad19eef2a38e01b
Assessment 2,c4v74,0,,false,false,-1,2023-01-20T00:00:00.0000,2023-01-20T16:53:02.6749,0,false,false,0,false,,-1,sj_family_products_dangerous_goods,0,f3ad428285a579f74ce91596a47136d8d33d8af391ad3ee2115dce752d902aed,started,4053306ded045b92debcaad7c35c6392874128c7b765e22ebad19eef2a38e01b
Assessment 2,c4v74,1,1,false,true,5,2023-01-20T00:00:00.0000,2023-01-20T16:54:08.9059,66225,false,false,5,true,1,5,sj_family_products_dangerous_goods,5,f3ad428285a579f74ce91596a47136d8d33d8af391ad3ee2115dce752d902aed,completed,4053306ded045b92debcaad7c35c6392874128c7b765e22ebad19eef2a38e01b
Assessment 3,c4v74,0,,false,false,-1,2023-01-20T00:00:00.0000,2023-01-20T16:54:48.7880,0,false,false,0,false,,-1,sj_family_products_dangerous_goods,0,f3ad428285a579f74ce91596a47136d8d33d8af391ad3ee2115dce752d902aed,started,4053306ded045b92debcaad7c35c6392874128c7b765e22ebad19eef2a38e01b
Assessment 3,c4v74,1,0.4,false,true,2,2023-01-20T00:00:00.0000,2023-01-20T16:59:16.6770,267887,false,false,5,true,0.4,5,sj_family_products_dangerous_goods,2,f3ad428285a579f74ce91596a47136d8d33d8af391ad3ee2115dce752d902aed,completed,4053306ded045b92debcaad7c35c6392874128c7b765e22ebad19eef2a38e01b
Assessment 1,k8lbj,0,,false,false,-1,2023-01-20T00:00:00.0000,2023-01-20T19:03:07.2420,0,false,false,0,false,,-1,sj_family_products_dangerous_goods,0,acc3284fb8f310cdb3052d0cd34804564dd441ef724718b792d09aa3f8abae15,started,5db32a01142bc6eb74afa89ee276b232204f0184c8293216a5cf9ae6adf48649
Assessment 1,k8lbj,1,0.4,false,true,2,2023-01-20T00:00:00.0000,2023-01-20T19:03:36.8429,29848,false,false,5,true,0.4,5,sj_family_products_dangerous_goods,2,acc3284fb8f310cdb3052d0cd34804564dd441ef724718b792d09aa3f8abae15,completed,5db32a01142bc6eb74afa89ee276b232204f0184c8293216a5cf9ae6adf48649
Assessment 2,k8lbj,0,,false,false,-1,2023-01-20T00:00:00.0000,2023-01-20T19:04:14.5950,0,false,false,0,false,,-1,sj_family_products_dangerous_goods,0,acc3284fb8f310cdb3052d0cd34804564dd441ef724718b792d09aa3f8abae15,started,5db32a01142bc6eb74afa89ee276b232204f0184c8293216a5cf9ae6adf48649
Assessment 2,k8lbj,1,1,false,true,5,2023-01-20T00:00:00.0000,2023-01-20T19:05:11.8169,57197,false,false,5,true,1,5,sj_family_products_dangerous_goods,5,acc3284fb8f310cdb3052d0cd34804564dd441ef724718b792d09aa3f8abae15,completed,5db32a01142bc6eb74afa89ee276b232204f0184c8293216a5cf9ae6adf48649
Assessment 3,k8lbj,0,,false,false,-1,2023-01-20T00:00:00.0000,2023-01-20T19:06:24.5580,0,false,false,0,false,,-1,sj_family_products_dangerous_goods,0,acc3284fb8f310cdb3052d0cd34804564dd441ef724718b792d09aa3f8abae15,started,5db32a01142bc6eb74afa89ee276b232204f0184c8293216a5cf9ae6adf48649
Assessment 3,k8lbj,1,0.8,false,true,4,2023-01-20T00:00:00.0000,2023-01-20T19:08:12.7239,108118,false,false,5,true,0.8,5,sj_family_products_dangerous_goods,4,acc3284fb8f310cdb3052d0cd34804564dd441ef724718b792d09aa3f8abae15,completed,5db32a01142bc6eb74afa89ee276b232204f0184c8293216a5cf9ae6adf48649
Assessment 1,2xjiw,0,,false,false,-1,2023-01-20T00:00:00.0000,2023-01-20T19:09:28.7290,0,false,false,0,false,,-1,sj_family_products_dangerous_goods,0,caa8208eff77369688b2e605a5ea6b99dcd29ed892c46dae4998fc927db0a44d,started,fc091848419422e3601329bb0761be5fcaf1bf9226b95180f081a12532e3917c
Assessment 1,2xjiw,1,0.8,false,true,4,2023-01-20T00:00:00.0000,2023-01-20T19:10:23.9909,55574,false,false,5,true,0.8,5,sj_family_products_dangerous_goods,4,caa8208eff77369688b2e605a5ea6b99dcd29ed892c46dae4998fc927db0a44d,completed,fc091848419422e3601329bb0761be5fcaf1bf9226b95180f081a12532e3917c
Assessment 2,2xjiw,0,,false,false,-1,2023-01-20T00:00:00.0000,2023-01-20T19:10:57.7379,0,false,false,0,false,,-1,sj_family_products_dangerous_goods,0,caa8208eff77369688b2e605a5ea6b99dcd29ed892c46dae4998fc927db0a44d,started,fc091848419422e3601329bb0761be5fcaf1bf9226b95180f081a12532e3917c
Assessment 2,2xjiw,1,0.2,false,true,1,2023-01-20T00:00:00.0000,2023-01-20T19:11:53.5360,55626,false,false,5,true,0.2,5,sj_family_products_dangerous_goods,1,caa8208eff77369688b2e605a5ea6b99dcd29ed892c46dae4998fc927db0a44d,completed,fc091848419422e3601329bb0761be5fcaf1bf9226b95180f081a12532e3917c
Assessment 3,2xjiw,0,,false,false,-1,2023-01-20T00:00:00.0000,2023-01-20T19:12:26.5209,0,false,false,0,false,,-1,sj_family_products_dangerous_goods,0,caa8208eff77369688b2e605a5ea6b99dcd29ed892c46dae4998fc927db0a44d,started,fc091848419422e3601329bb0761be5fcaf1bf9226b95180f081a12532e3917c
Assessment 3,2xjiw,1,0.2,false,true,1,2023-01-20T00:00:00.0000,2023-01-20T19:13:24.2449,57593,false,false,5,true,0.2,5,sj_family_products_dangerous_goods,1,caa8208eff77369688b2e605a5ea6b99dcd29ed892c46dae4998fc927db0a44d,completed,fc091848419422e3601329bb0761be5fcaf1bf9226b95180f081a12532e3917c
Assessment 1,52nzy,0,,false,false,-1,2023-01-20T00:00:00.0000,2023-01-20T19:39:05.7660,0,false,false,0,false,,-1,sj_family_products_dangerous_goods,0,3fbc554c78846b790c6a0fb9f9615e48ce72040299697e734b0617830e116552,started,d25e07827f3feda516cbc7b1b36d34a4061f357395576fc85b1526076bcd18fb
Assessment 1,52nzy,1,0.6,false,true,3,2023-01-20T00:00:00.0000,2023-01-20T19:39:43.5339,37877,false,false,5,true,0.6,5,sj_family_products_dangerous_goods,3,3fbc554c78846b790c6a0fb9f9615e48ce72040299697e734b0617830e116552,completed,d25e07827f3feda516cbc7b1b36d34a4061f357395576fc85b1526076bcd18fb
Assessment 2,52nzy,0,,false,false,-1,2023-01-20T00:00:00.0000,2023-01-20T19:40:00.7960,0,false,false,0,false,,-1,sj_family_products_dangerous_goods,0,3fbc554c78846b790c6a0fb9f9615e48ce72040299697e734b0617830e116552,started,d25e07827f3feda516cbc7b1b36d34a4061f357395576fc85b1526076bcd18fb
Assessment 2,52nzy,1,0.8,false,true,4,2023-01-20T00:00:00.0000,2023-01-20T19:40:56.3970,55592,false,false,5,true,0.8,5,sj_family_products_dangerous_goods,4,3fbc554c78846b790c6a0fb9f9615e48ce72040299697e734b0617830e116552,completed,d25e07827f3feda516cbc7b1b36d34a4061f357395576fc85b1526076bcd18fb
Assessment 3,52nzy,0,,false,false,-1,2023-01-20T00:00:00.0000,2023-01-20T19:41:13.8719,0,false,false,0,false,,-1,sj_family_products_dangerous_goods,0,3fbc554c78846b790c6a0fb9f9615e48ce72040299697e734b0617830e116552,started,d25e07827f3feda516cbc7b1b36d34a4061f357395576fc85b1526076bcd18fb
Assessment 3,52nzy,1,0.8,false,true,4,2023-01-20T00:00:00.0000,2023-01-20T19:42:32.9809,79126,false,false,5,true,0.8,5,sj_family_products_dangerous_goods,4,3fbc554c78846b790c6a0fb9f9615e48ce72040299697e734b0617830e116552,completed,d25e07827f3feda516cbc7b1b36d34a4061f357395576fc85b1526076bcd18fb
Assessment 1,wzujq,0,,false,false,-1,2023-01-20T00:00:00.0000,2023-01-20T20:02:57.6250,0,false,false,0,false,,-1,sj_family_products_dangerous_goods,0,e21589ad97960d081f8851a570d9eb97c4c6aade8c36682aa9c8b726329d09e2,started,a98cb2155b94093f6e5f972a78fd01394fb7132e57fb1668a61bf072718a4b08
Assessment 1,wzujq,1,1,false,true,5,2023-01-20T00:00:00.0000,2023-01-20T20:03:47.6219,50333,false,false,5,true,1,5,sj_family_products_dangerous_goods,5,e21589ad97960d081f8851a570d9eb97c4c6aade8c36682aa9c8b726329d09e2,completed,a98cb2155b94093f6e5f972a78fd01394fb7132e57fb1668a61bf072718a4b08
Assessment 2,wzujq,0,,false,false,-1,2023-01-20T00:00:00.0000,2023-01-20T20:04:18.4449,0,false,false,0,false,,-1,sj_family_products_dangerous_goods,0,e21589ad97960d081f8851a570d9eb97c4c6aade8c36682aa9c8b726329d09e2,started,a98cb2155b94093f6e5f972a78fd01394fb7132e57fb1668a61bf072718a4b08
Assessment 2,wzujq,1,1,false,true,5,2023-01-20T00:00:00.0000,2023-01-20T20:06:14.6029,116144,false,false,5,true,1,5,sj_family_products_dangerous_goods,5,e21589ad97960d081f8851a570d9eb97c4c6aade8c36682aa9c8b726329d09e2,completed,a98cb2155b94093f6e5f972a78fd01394fb7132e57fb1668a61bf072718a4b08
Assessment 1,mpzl3,0,,false,false,-1,2023-01-20T00:00:00.0000,2023-01-20T20:27:32.9389,0,false,false,0,false,,-1,sj_family_products_dangerous_goods,0,57e2d0b16422ef9aea031e49b55e8c9b834bf7227314eb4cab0b1c73c929f1a4,started,622e96f94a327fd5e6bbc6923009ca2ca503ccec99cfc0b4ffceb693a38fc1c7
Assessment 1,mpzl3,1,0.8,false,true,4,2023-01-20T00:00:00.0000,2023-01-20T20:29:03.7230,91030,false,false,5,true,0.8,5,sj_family_products_dangerous_goods,4,57e2d0b16422ef9aea031e49b55e8c9b834bf7227314eb4cab0b1c73c929f1a4,completed,622e96f94a327fd5e6bbc6923009ca2ca503ccec99cfc0b4ffceb693a38fc1c7
Assessment 2,mpzl3,0,,false,false,-1,2023-01-20T00:00:00.0000,2023-01-20T20:29:49.4549,0,false,false,0,false,,-1,sj_family_products_dangerous_goods,0,57e2d0b16422ef9aea031e49b55e8c9b834bf7227314eb4cab0b1c73c929f1a4,started,622e96f94a327fd5e6bbc6923009ca2ca503ccec99cfc0b4ffceb693a38fc1c7
Assessment 2,mpzl3,1,0.8,false,true,4,2023-01-20T00:00:00.0000,2023-01-20T20:31:17.0369,87451,false,false,5,true,0.8,5,sj_family_products_dangerous_goods,4,57e2d0b16422ef9aea031e49b55e8c9b834bf7227314eb4cab0b1c73c929f1a4,completed,622e96f94a327fd5e6bbc6923009ca2ca503ccec99cfc0b4ffceb693a38fc1c7
Assessment 3,mpzl3,0,,false,false,-1,2023-01-20T00:00:00.0000,2023-01-20T20:32:36.1319,0,false,false,0,false,,-1,sj_family_products_dangerous_goods,0,57e2d0b16422ef9aea031e49b55e8c9b834bf7227314eb4cab0b1c73c929f1a4,started,622e96f94a327fd5e6bbc6923009ca2ca503ccec99cfc0b4ffceb693a38fc1c7
Assessment 3,mpzl3,1,0.8,false,true,4,2023-01-20T00:00:00.0000,2023-01-20T20:35:24.8050,168645,false,false,5,true,0.8,5,sj_family_products_dangerous_goods,4,57e2d0b16422ef9aea031e49b55e8c9b834bf7227314eb4cab0b1c73c929f1a4,completed,622e96f94a327fd5e6bbc6923009ca2ca503ccec99cfc0b4ffceb693a38fc1c7
Assessment 1,96cty,0,,false,false,-1,2023-01-20T00:00:00.0000,2023-01-20T22:47:28.8529,0,false,false,0,false,,-1,sj_family_products_dangerous_goods,0,b9ad84ab8f28455c3424252adb642c6f0eedb11cacfc358e9225d16533ba74a9,started,f5eddffd967c81cbc6e01de08d5d00c68e7b5ff0339b349e83c8edb6611c11f5
Assessment 1,96cty,1,0.8,false,true,4,2023-01-20T00:00:00.0000,2023-01-20T22:47:52.2009,23479,false,false,5,true,0.8,5,sj_family_products_dangerous_goods,4,b9ad84ab8f28455c3424252adb642c6f0eedb11cacfc358e9225d16533ba74a9,completed,f5eddffd967c81cbc6e01de08d5d00c68e7b5ff0339b349e83c8edb6611c11f5
Assessment 2,96cty,0,,false,false,-1,2023-01-20T00:00:00.0000,2023-01-20T22:48:04.6670,0,false,false,0,false,,-1,sj_family_products_dangerous_goods,0,b9ad84ab8f28455c3424252adb642c6f0eedb11cacfc358e9225d16533ba74a9,started,f5eddffd967c81cbc6e01de08d5d00c68e7b5ff0339b349e83c8edb6611c11f5
Assessment 2,96cty,1,0.8,false,true,4,2023-01-20T00:00:00.0000,2023-01-20T22:53:57.3280,352675,false,false,5,true,0.8,5,sj_family_products_dangerous_goods,4,b9ad84ab8f28455c3424252adb642c6f0eedb11cacfc358e9225d16533ba74a9,completed,f5eddffd967c81cbc6e01de08d5d00c68e7b5ff0339b349e83c8edb6611c11f5
Assessment 3,96cty,0,0,false,false,-1,2023-01-20T00:00:00.0000,2023-01-20T22:54:56.2139,0,false,false,5,false,0,-1,sj_family_products_dangerous_goods,0,da4883089cea0e84d96419807b21f7e448439d7c67bedc7398b1fef165570116,started,f5eddffd967c81cbc6e01de08d5d00c68e7b5ff0339b349e83c8edb6611c11f5
Assessment 3,96cty,1,0.6,false,true,3,2023-01-20T00:00:00.0000,2023-01-20T22:55:53.4110,57073,false,false,5,true,0.6,5,sj_family_products_dangerous_goods,3,da4883089cea0e84d96419807b21f7e448439d7c67bedc7398b1fef165570116,completed,f5eddffd967c81cbc6e01de08d5d00c68e7b5ff0339b349e83c8edb6611c11f5
Assessment 1,cnnsn,0,,false,false,-1,2023-01-22T00:00:00.0000,2023-01-22T11:48:28.8310,0,false,false,0,false,,-1,sj_family_products_dangerous_goods,0,47a11a44979fec267a5396fb35d81efdc71db5f9e516c55858be3cf22be28198,started,44f5d77885ab980175e00b94ed50c2a9400a50fada23c4662d7361b6760123f3
Assessment 1,cnnsn,1,0.8,false,true,4,2023-01-22T00:00:00.0000,2023-01-22T11:49:01.3310,32581,false,false,5,true,0.8,5,sj_family_products_dangerous_goods,4,47a11a44979fec267a5396fb35d81efdc71db5f9e516c55858be3cf22be28198,completed,44f5d77885ab980175e00b94ed50c2a9400a50fada23c4662d7361b6760123f3
Assessment 2,cnnsn,0,,false,false,-1,2023-01-22T00:00:00.0000,2023-01-22T11:49:31.6760,0,false,false,0,false,,-1,sj_family_products_dangerous_goods,0,47a11a44979fec267a5396fb35d81efdc71db5f9e516c55858be3cf22be28198,started,44f5d77885ab980175e00b94ed50c2a9400a50fada23c4662d7361b6760123f3
Assessment 2,cnnsn,1,0.8,false,true,4,2023-01-22T00:00:00.0000,2023-01-22T11:50:16.1159,44440,false,false,5,true,0.8,5,sj_family_products_dangerous_goods,4,47a11a44979fec267a5396fb35d81efdc71db5f9e516c55858be3cf22be28198,completed,44f5d77885ab980175e00b94ed50c2a9400a50fada23c4662d7361b6760123f3
Assessment 3,cnnsn,0,,false,false,-1,2023-01-22T00:00:00.0000,2023-01-22T11:50:45.0999,0,false,false,0,false,,-1,sj_family_products_dangerous_goods,0,47a11a44979fec267a5396fb35d81efdc71db5f9e516c55858be3cf22be28198,started,44f5d77885ab980175e00b94ed50c2a9400a50fada23c4662d7361b6760123f3
Assessment 3,cnnsn,1,0.8,false,true,4,2023-01-22T00:00:00.0000,2023-01-22T11:52:01.5550,76435,false,false,5,true,0.8,5,sj_family_products_dangerous_goods,4,47a11a44979fec267a5396fb35d81efdc71db5f9e516c55858be3cf22be28198,completed,44f5d77885ab980175e00b94ed50c2a9400a50fada23c4662d7361b6760123f3
Assessment 1,b7hsu,0,,false,false,-1,2023-01-23T00:00:00.0000,2023-01-23T08:52:45.3190,0,false,false,0,false,,-1,sj_family_products_dangerous_goods,0,e23b1874b6756881919502402d87b32638c16efcbf46c004ed64ff36c2427424,started,340ccf5ab3bb1e46cdc627deafcf12897df606a4b5567e18e63bcdb3307d0aec
Assessment 1,b7hsu,1,0.8,false,true,4,2023-01-23T00:00:00.0000,2023-01-23T08:53:17.2829,31980,false,false,5,true,0.8,5,sj_family_products_dangerous_goods,4,e23b1874b6756881919502402d87b32638c16efcbf46c004ed64ff36c2427424,completed,340ccf5ab3bb1e46cdc627deafcf12897df606a4b5567e18e63bcdb3307d0aec
Assessment 2,b7hsu,0,,false,false,-1,2023-01-23T00:00:00.0000,2023-01-23T08:53:38.4319,0,false,false,0,false,,-1,sj_family_products_dangerous_goods,0,e23b1874b6756881919502402d87b32638c16efcbf46c004ed64ff36c2427424,started,340ccf5ab3bb1e46cdc627deafcf12897df606a4b5567e18e63bcdb3307d0aec
Assessment 2,b7hsu,1,1,false,true,5,2023-01-23T00:00:00.0000,2023-01-23T08:54:19.1010,40664,false,false,5,true,1,5,sj_family_products_dangerous_goods,5,e23b1874b6756881919502402d87b32638c16efcbf46c004ed64ff36c2427424,completed,340ccf5ab3bb1e46cdc627deafcf12897df606a4b5567e18e63bcdb3307d0aec
Assessment 3,b7hsu,0,,false,false,-1,2023-01-23T00:00:00.0000,2023-01-23T08:54:39.2520,0,false,false,0,false,,-1,sj_family_products_dangerous_goods,0,e23b1874b6756881919502402d87b32638c16efcbf46c004ed64ff36c2427424,started,340ccf5ab3bb1e46cdc627deafcf12897df606a4b5567e18e63bcdb3307d0aec
Assessment 3,b7hsu,1,0.8,false,true,4,2023-01-23T00:00:00.0000,2023-01-23T08:55:53.7560,74501,false,false,5,true,0.8,5,sj_family_products_dangerous_goods,4,e23b1874b6756881919502402d87b32638c16efcbf46c004ed64ff36c2427424,completed,340ccf5ab3bb1e46cdc627deafcf12897df606a4b5567e18e63bcdb3307d0aec
Assessment 1,0logb,0,,false,false,-1,2023-01-23T00:00:00.0000,2023-01-23T10:20:22.2750,0,false,false,0,false,,-1,sj_family_products_dangerous_goods,0,e2c0652633a310ce1025eba93262325b063df18111b390c8fcf60d548c723bbe,started,9b1ca96bbae1fe4cba8bb33ff1149226abef4ce80cf38370abd9bb264e0782a6
Assessment 1,0logb,1,0.6,false,true,3,2023-01-23T00:00:00.0000,2023-01-23T10:22:11.8469,109751,false,false,5,true,0.6,5,sj_family_products_dangerous_goods,3,e2c0652633a310ce1025eba93262325b063df18111b390c8fcf60d548c723bbe,completed,9b1ca96bbae1fe4cba8bb33ff1149226abef4ce80cf38370abd9bb264e0782a6
Assessment 2,0logb,0,,false,false,-1,2023-01-23T00:00:00.0000,2023-01-23T10:24:51.0209,0,false,false,0,false,,-1,sj_family_products_dangerous_goods,0,e2c0652633a310ce1025eba93262325b063df18111b390c8fcf60d548c723bbe,started,9b1ca96bbae1fe4cba8bb33ff1149226abef4ce80cf38370abd9bb264e0782a6
Assessment 2,0logb,1,1,false,true,5,2023-01-23T00:00:00.0000,2023-01-23T10:27:28.0789,157037,false,false,5,true,1,5,sj_family_products_dangerous_goods,5,e2c0652633a310ce1025eba93262325b063df18111b390c8fcf60d548c723bbe,completed,9b1ca96bbae1fe4cba8bb33ff1149226abef4ce80cf38370abd9bb264e0782a6
Assessment 3,0logb,0,,false,false,-1,2023-01-23T00:00:00.0000,2023-01-23T10:32:25.6989,0,false,false,0,false,,-1,sj_family_products_dangerous_goods,0,e2c0652633a310ce1025eba93262325b063df18111b390c8fcf60d548c723bbe,started,9b1ca96bbae1fe4cba8bb33ff1149226abef4ce80cf38370abd9bb264e0782a6
Assessment 3,0logb,1,0.8,false,true,4,2023-01-23T00:00:00.0000,2023-01-23T10:35:51.6860,205942,false,false,5,true,0.8,5,sj_family_products_dangerous_goods,4,e2c0652633a310ce1025eba93262325b063df18111b390c8fcf60d548c723bbe,completed,9b1ca96bbae1fe4cba8bb33ff1149226abef4ce80cf38370abd9bb264e0782a6
Assessment 1,woas8,0,,false,false,-1,2023-01-23T00:00:00.0000,2023-01-23T11:09:11.9300,0,false,false,0,false,,-1,sj_family_products_dangerous_goods,0,e35addc5ae3d0df21b1280199e6f6c2474a357ace00facf5627a4955ef879490,started,cd2049a431a517096f822c58ce0c4105ecb2c3f41e3581a1c96059a708a4a894
Assessment 1,woas8,1,0.8,false,true,4,2023-01-23T00:00:00.0000,2023-01-23T11:10:14.3980,62560,false,false,5,true,0.8,5,sj_family_products_dangerous_goods,4,e35addc5ae3d0df21b1280199e6f6c2474a357ace00facf5627a4955ef879490,completed,cd2049a431a517096f822c58ce0c4105ecb2c3f41e3581a1c96059a708a4a894
Assessment 2,woas8,0,,false,false,-1,2023-01-23T00:00:00.0000,2023-01-23T11:11:34.8440,0,false,false,0,false,,-1,sj_family_products_dangerous_goods,0,e35addc5ae3d0df21b1280199e6f6c2474a357ace00facf5627a4955ef879490,started,cd2049a431a517096f822c58ce0c4105ecb2c3f41e3581a1c96059a708a4a894
Assessment 2,woas8,1,0.8,false,true,4,2023-01-23T00:00:00.0000,2023-01-23T11:12:45.8289,70976,false,false,5,true,0.8,5,sj_family_products_dangerous_goods,4,e35addc5ae3d0df21b1280199e6f6c2474a357ace00facf5627a4955ef879490,completed,cd2049a431a517096f822c58ce0c4105ecb2c3f41e3581a1c96059a708a4a894
Assessment 3,woas8,0,,false,false,-1,2023-01-23T00:00:00.0000,2023-01-23T11:13:48.8459,0,false,false,0,false,,-1,sj_family_products_dangerous_goods,0,e35addc5ae3d0df21b1280199e6f6c2474a357ace00facf5627a4955ef879490,started,cd2049a431a517096f822c58ce0c4105ecb2c3f41e3581a1c96059a708a4a894
Assessment 3,woas8,1,0.6,false,true,3,2023-01-23T00:00:00.0000,2023-01-23T11:14:56.6449,67795,false,false,5,true,0.6,5,sj_family_products_dangerous_goods,3,e35addc5ae3d0df21b1280199e6f6c2474a357ace00facf5627a4955ef879490,completed,cd2049a431a517096f822c58ce0c4105ecb2c3f41e3581a1c96059a708a4a894
Assessment 1,cquwn,0,,false,false,-1,2023-01-23T00:00:00.0000,2023-01-23T13:10:43.6170,0,false,false,0,false,,-1,sj_family_products_dangerous_goods,0,09a08e0528908b92870217414569a27e01fc1906408553394487d030ff0114df,started,00bcf71488e7d82c0496c0e34c554a81b0991b04a5faf524c242847f5b1d8970
Assessment 1,cquwn,1,1,false,true,5,2023-01-23T00:00:00.0000,2023-01-23T13:11:12.6800,29147,false,false,5,true,1,5,sj_family_products_dangerous_goods,5,09a08e0528908b92870217414569a27e01fc1906408553394487d030ff0114df,completed,00bcf71488e7d82c0496c0e34c554a81b0991b04a5faf524c242847f5b1d8970
Assessment 2,cquwn,0,,false,false,-1,2023-01-23T00:00:00.0000,2023-01-23T13:11:29.3750,0,false,false,0,false,,-1,sj_family_products_dangerous_goods,0,09a08e0528908b92870217414569a27e01fc1906408553394487d030ff0114df,started,00bcf71488e7d82c0496c0e34c554a81b0991b04a5faf524c242847f5b1d8970
Assessment 2,cquwn,1,1,false,true,5,2023-01-23T00:00:00.0000,2023-01-23T13:11:59.5850,30199,false,false,5,true,1,5,sj_family_products_dangerous_goods,5,09a08e0528908b92870217414569a27e01fc1906408553394487d030ff0114df,completed,00bcf71488e7d82c0496c0e34c554a81b0991b04a5faf524c242847f5b1d8970
Assessment 3,cquwn,0,,false,false,-1,2023-01-23T00:00:00.0000,2023-01-23T13:12:20.2260,0,false,false,0,false,,-1,sj_family_products_dangerous_goods,0,09a08e0528908b92870217414569a27e01fc1906408553394487d030ff0114df,started,00bcf71488e7d82c0496c0e34c554a81b0991b04a5faf524c242847f5b1d8970
Assessment 3,cquwn,1,0.6,false,true,3,2023-01-23T00:00:00.0000,2023-01-23T13:13:10.4330,50230,false,false,5,true,0.6,5,sj_family_products_dangerous_goods,3,09a08e0528908b92870217414569a27e01fc1906408553394487d030ff0114df,completed,00bcf71488e7d82c0496c0e34c554a81b0991b04a5faf524c242847f5b1d8970
Assessment 1,ojc3o,0,,false,false,-1,2023-01-23T00:00:00.0000,2023-01-23T13:54:49.3150,0,false,false,0,false,,-1,sj_family_products_dangerous_goods,0,6db9d6ac438b42b4826280791c635c53fc334e6c41efd76924d69cddb14e83ed,started,e953400937ed43ec4c010f63af6464559e28bd0b2612622d3189e0c061b7f28a
Assessment 1,ojc3o,1,1,false,true,5,2023-01-23T00:00:00.0000,2023-01-23T13:55:32.2569,42985,false,false,5,true,1,5,sj_family_products_dangerous_goods,5,6db9d6ac438b42b4826280791c635c53fc334e6c41efd76924d69cddb14e83ed,completed,e953400937ed43ec4c010f63af6464559e28bd0b2612622d3189e0c061b7f28a
Assessment 2,ojc3o,0,,false,false,-1,2023-01-23T00:00:00.0000,2023-01-23T13:55:55.8159,0,false,false,0,false,,-1,sj_family_products_dangerous_goods,0,6db9d6ac438b42b4826280791c635c53fc334e6c41efd76924d69cddb14e83ed,started,e953400937ed43ec4c010f63af6464559e28bd0b2612622d3189e0c061b7f28a
Assessment 2,ojc3o,1,0.8,false,true,4,2023-01-23T00:00:00.0000,2023-01-23T13:56:45.5929,49780,false,false,5,true,0.8,5,sj_family_products_dangerous_goods,4,6db9d6ac438b42b4826280791c635c53fc334e6c41efd76924d69cddb14e83ed,completed,e953400937ed43ec4c010f63af6464559e28bd0b2612622d3189e0c061b7f28a
Assessment 3,ojc3o,0,,false,false,-1,2023-01-23T00:00:00.0000,2023-01-23T13:58:41.0429,0,false,false,0,false,,-1,sj_family_products_dangerous_goods,0,6db9d6ac438b42b4826280791c635c53fc334e6c41efd76924d69cddb14e83ed,started,e953400937ed43ec4c010f63af6464559e28bd0b2612622d3189e0c061b7f28a
Assessment 3,ojc3o,1,0.8,false,true,4,2023-01-23T00:00:00.0000,2023-01-23T13:59:35.5959,54533,false,false,5,true,0.8,5,sj_family_products_dangerous_goods,4,6db9d6ac438b42b4826280791c635c53fc334e6c41efd76924d69cddb14e83ed,completed,e953400937ed43ec4c010f63af6464559e28bd0b2612622d3189e0c061b7f28a
Assessment 1,ci3yq,0,,false,false,-1,2023-01-23T00:00:00.0000,2023-01-23T15:44:45.2479,0,false,false,0,false,,-1,sj_family_products_dangerous_goods,0,e4d17cf90a53446d7a2bfff45349db290676073916f9a6a2e91ef426953702bf,started,e4d55512ecb4f6977c7197495bb2515ce0cd49f716216438c84d95e8e19f5baf
Assessment 1,ci3yq,1,0.6,false,true,3,2023-01-23T00:00:00.0000,2023-01-23T15:45:23.9920,39490,false,false,5,true,0.6,5,sj_family_products_dangerous_goods,3,e4d17cf90a53446d7a2bfff45349db290676073916f9a6a2e91ef426953702bf,completed,e4d55512ecb4f6977c7197495bb2515ce0cd49f716216438c84d95e8e19f5baf
Assessment 2,ci3yq,0,,false,false,-1,2023-01-23T00:00:00.0000,2023-01-23T15:46:12.9040,0,false,false,0,false,,-1,sj_family_products_dangerous_goods,0,e4d17cf90a53446d7a2bfff45349db290676073916f9a6a2e91ef426953702bf,started,e4d55512ecb4f6977c7197495bb2515ce0cd49f716216438c84d95e8e19f5baf
Assessment 2,ci3yq,1,0.8,false,true,4,2023-01-23T00:00:00.0000,2023-01-23T15:47:02.7590,49786,false,false,5,true,0.8,5,sj_family_products_dangerous_goods,4,e4d17cf90a53446d7a2bfff45349db290676073916f9a6a2e91ef426953702bf,completed,e4d55512ecb4f6977c7197495bb2515ce0cd49f716216438c84d95e8e19f5baf
Assessment 3,ci3yq,0,,false,false,-1,2023-01-23T00:00:00.0000,2023-01-23T15:47:37.1449,0,false,false,0,false,,-1,sj_family_products_dangerous_goods,0,e4d17cf90a53446d7a2bfff45349db290676073916f9a6a2e91ef426953702bf,started,e4d55512ecb4f6977c7197495bb2515ce0cd49f716216438c84d95e8e19f5baf
Assessment 3,ci3yq,1,0.6,false,true,3,2023-01-23T00:00:00.0000,2023-01-23T15:48:58.8180,81608,false,false,5,true,0.6,5,sj_family_products_dangerous_goods,3,e4d17cf90a53446d7a2bfff45349db290676073916f9a6a2e91ef426953702bf,completed,e4d55512ecb4f6977c7197495bb2515ce0cd49f716216438c84d95e8e19f5baf
Assessment 1,w2y1f,0,,false,false,-1,2023-01-23T00:00:00.0000,2023-01-23T15:56:53.1449,0,false,false,0,false,,-1,sj_family_products_dangerous_goods,0,1b5f46cf89c31b9119131d57f2f20f2663f237071e44b2a2ab3fae37a9b67648,started,eb35379de61e848b0a5da3da84431434faaa44b7c1349851be9066f218395616
Assessment 1,w2y1f,1,0.6,false,true,3,2023-01-23T00:00:00.0000,2023-01-23T15:57:28.0989,35001,false,false,5,true,0.6,5,sj_family_products_dangerous_goods,3,1b5f46cf89c31b9119131d57f2f20f2663f237071e44b2a2ab3fae37a9b67648,completed,eb35379de61e848b0a5da3da84431434faaa44b7c1349851be9066f218395616
Assessment 1,g2gpo,0,,false,false,-1,2023-01-23T00:00:00.0000,2023-01-23T15:58:10.4460,0,false,false,0,false,,-1,sj_family_products_dangerous_goods,0,eabffafca1571de3ea069f5669a26761167c5a3c53816791b2619c9d10c768d6,started,5e2eb607c979a1507819583930dd10a22e81d8f17b2b667d7f846a52c02646a5
Assessment 1,g2gpo,1,0.8,false,true,4,2023-01-23T00:00:00.0000,2023-01-23T15:58:55.6480,45269,false,false,5,true,0.8,5,sj_family_products_dangerous_goods,4,eabffafca1571de3ea069f5669a26761167c5a3c53816791b2619c9d10c768d6,completed,5e2eb607c979a1507819583930dd10a22e81d8f17b2b667d7f846a52c02646a5
Assessment 2,w2y1f,0,,false,false,-1,2023-01-23T00:00:00.0000,2023-01-23T15:59:04.0290,0,false,false,0,false,,-1,sj_family_products_dangerous_goods,0,1b5f46cf89c31b9119131d57f2f20f2663f237071e44b2a2ab3fae37a9b67648,started,eb35379de61e848b0a5da3da84431434faaa44b7c1349851be9066f218395616
Assessment 2,w2y1f,1,1,false,true,5,2023-01-23T00:00:00.0000,2023-01-23T15:59:56.5450,52507,false,false,5,true,1,5,sj_family_products_dangerous_goods,5,1b5f46cf89c31b9119131d57f2f20f2663f237071e44b2a2ab3fae37a9b67648,completed,eb35379de61e848b0a5da3da84431434faaa44b7c1349851be9066f218395616
Assessment 2,g2gpo,0,,false,false,-1,2023-01-23T00:00:00.0000,2023-01-23T16:00:01.1229,0,false,false,0,false,,-1,sj_family_products_dangerous_goods,0,eabffafca1571de3ea069f5669a26761167c5a3c53816791b2619c9d10c768d6,started,5e2eb607c979a1507819583930dd10a22e81d8f17b2b667d7f846a52c02646a5
Assessment 2,g2gpo,1,1,false,true,5,2023-01-23T00:00:00.0000,2023-01-23T16:01:13.2060,72073,false,false,5,true,1,5,sj_family_products_dangerous_goods,5,eabffafca1571de3ea069f5669a26761167c5a3c53816791b2619c9d10c768d6,completed,5e2eb607c979a1507819583930dd10a22e81d8f17b2b667d7f846a52c02646a5
Assessment 3,w2y1f,0,,false,false,-1,2023-01-23T00:00:00.0000,2023-01-23T16:01:26.4340,0,false,false,0,false,,-1,sj_family_products_dangerous_goods,0,1b5f46cf89c31b9119131d57f2f20f2663f237071e44b2a2ab3fae37a9b67648,started,eb35379de61e848b0a5da3da84431434faaa44b7c1349851be9066f218395616
Assessment 3,g2gpo,0,,false,false,-1,2023-01-23T00:00:00.0000,2023-01-23T16:02:28.4159,0,false,false,0,false,,-1,sj_family_products_dangerous_goods,0,eabffafca1571de3ea069f5669a26761167c5a3c53816791b2619c9d10c768d6,started,5e2eb607c979a1507819583930dd10a22e81d8f17b2b667d7f846a52c02646a5
Assessment 3,w2y1f,1,0.4,false,true,2,2023-01-23T00:00:00.0000,2023-01-23T16:03:34.5710,128134,false,false,5,true,0.4,5,sj_family_products_dangerous_goods,2,1b5f46cf89c31b9119131d57f2f20f2663f237071e44b2a2ab3fae37a9b67648,completed,eb35379de61e848b0a5da3da84431434faaa44b7c1349851be9066f218395616
Assessment 1,8o0vx,0,,false,false,-1,2023-01-23T00:00:00.0000,2023-01-23T16:05:51.2690,0,false,false,0,false,,-1,sj_family_products_dangerous_goods,0,7c62a4e969d483623767619cb96ab59355714d5a7f59a53082fcdd7156a53e0e,started,55092dcbdef353564631b8f6adb918a2ca4b5a35fbefbf0dd7a906a2d5ea644f
Assessment 1,8o0vx,1,0.6,false,true,3,2023-01-23T00:00:00.0000,2023-01-23T16:06:57.3650,66134,false,false,5,true,0.6,5,sj_family_products_dangerous_goods,3,7c62a4e969d483623767619cb96ab59355714d5a7f59a53082fcdd7156a53e0e,completed,55092dcbdef353564631b8f6adb918a2ca4b5a35fbefbf0dd7a906a2d5ea644f
Assessment 1,6slp2,0,,false,false,-1,2023-01-23T00:00:00.0000,2023-01-23T16:08:53.2060,0,false,false,0,false,,-1,sj_family_products_dangerous_goods,0,bc0049860809e9a1df892c58f25658726d97a7b5e96bd2d657e7acff82885ba9,started,5e2eb607c979a1507819583930dd10a22e81d8f17b2b667d7f846a52c02646a5
Assessment 1,6slp2,1,1,false,true,5,2023-01-23T00:00:00.0000,2023-01-23T16:09:14.1849,20985,false,false,5,true,1,5,sj_family_products_dangerous_goods,5,bc0049860809e9a1df892c58f25658726d97a7b5e96bd2d657e7acff82885ba9,completed,5e2eb607c979a1507819583930dd10a22e81d8f17b2b667d7f846a52c02646a5
Assessment 2,6slp2,0,,false,false,-1,2023-01-23T00:00:00.0000,2023-01-23T16:09:29.1579,0,false,false,0,false,,-1,sj_family_products_dangerous_goods,0,bc0049860809e9a1df892c58f25658726d97a7b5e96bd2d657e7acff82885ba9,started,5e2eb607c979a1507819583930dd10a22e81d8f17b2b667d7f846a52c02646a5
Assessment 1,sle87,0,,false,false,-1,2023-01-23T00:00:00.0000,2023-01-23T16:09:41.7839,0,false,false,0,false,,-1,sj_family_products_dangerous_goods,0,60c8c978b1f6ab3c3118a5751b9e192e5e74b8a0a7c7b2aff962991118171782,started,1888168b03e3b24a71ae44a1f3440fa07576831710df37a6b89b89945eb1fd89
Assessment 2,6slp2,1,1,false,true,5,2023-01-23T00:00:00.0000,2023-01-23T16:10:01.6530,32480,false,false,5,true,1,5,sj_family_products_dangerous_goods,5,bc0049860809e9a1df892c58f25658726d97a7b5e96bd2d657e7acff82885ba9,completed,5e2eb607c979a1507819583930dd10a22e81d8f17b2b667d7f846a52c02646a5
Assessment 3,6slp2,0,,false,false,-1,2023-01-23T00:00:00.0000,2023-01-23T16:10:19.2679,0,false,false,0,false,,-1,sj_family_products_dangerous_goods,0,bc0049860809e9a1df892c58f25658726d97a7b5e96bd2d657e7acff82885ba9,started,5e2eb607c979a1507819583930dd10a22e81d8f17b2b667d7f846a52c02646a5
Assessment 1,sle87,1,0.6,false,true,3,2023-01-23T00:00:00.0000,2023-01-23T16:10:52.5829,70861,false,false,5,true,0.6,5,sj_family_products_dangerous_goods,3,60c8c978b1f6ab3c3118a5751b9e192e5e74b8a0a7c7b2aff962991118171782,completed,1888168b03e3b24a71ae44a1f3440fa07576831710df37a6b89b89945eb1fd89
Assessment 1,x0gxz,0,,false,false,-1,2023-01-23T00:00:00.0000,2023-01-23T16:11:10.3710,0,false,false,0,false,,-1,sj_family_products_dangerous_goods,0,fa2ee0e84f8f872941ca5f34b0681f7d37e061d805b48dc83c4336cef0c0f49f,started,80c21ea62e5c15e3d5f8e1cf9d8a7bd3b59ad4387cd96c9121fc18ffa563cfeb
Assessment 2,sle87,0,,false,false,-1,2023-01-23T00:00:00.0000,2023-01-23T16:11:57.3859,0,false,false,0,false,,-1,sj_family_products_dangerous_goods,0,60c8c978b1f6ab3c3118a5751b9e192e5e74b8a0a7c7b2aff962991118171782,started,1888168b03e3b24a71ae44a1f3440fa07576831710df37a6b89b89945eb1fd89
Assessment 1,x0gxz,1,0.8,false,true,4,2023-01-23T00:00:00.0000,2023-01-23T16:12:06.0320,55670,false,false,5,true,0.8,5,sj_family_products_dangerous_goods,4,fa2ee0e84f8f872941ca5f34b0681f7d37e061d805b48dc83c4336cef0c0f49f,completed,80c21ea62e5c15e3d5f8e1cf9d8a7bd3b59ad4387cd96c9121fc18ffa563cfeb
Assessment 2,x0gxz,0,,false,false,-1,2023-01-23T00:00:00.0000,2023-01-23T16:12:37.6470,0,false,false,0,false,,-1,sj_family_products_dangerous_goods,0,fa2ee0e84f8f872941ca5f34b0681f7d37e061d805b48dc83c4336cef0c0f49f,started,80c21ea62e5c15e3d5f8e1cf9d8a7bd3b59ad4387cd96c9121fc18ffa563cfeb
Assessment 2,sle87,1,1,false,true,5,2023-01-23T00:00:00.0000,2023-01-23T16:13:11.4709,74527,false,false,5,true,1,5,sj_family_products_dangerous_goods,5,60c8c978b1f6ab3c3118a5751b9e192e5e74b8a0a7c7b2aff962991118171782,completed,1888168b03e3b24a71ae44a1f3440fa07576831710df37a6b89b89945eb1fd89
Assessment 2,x0gxz,1,1,false,true,5,2023-01-23T00:00:00.0000,2023-01-23T16:13:33.8090,56129,false,false,5,true,1,5,sj_family_products_dangerous_goods,5,fa2ee0e84f8f872941ca5f34b0681f7d37e061d805b48dc83c4336cef0c0f49f,completed,80c21ea62e5c15e3d5f8e1cf9d8a7bd3b59ad4387cd96c9121fc18ffa563cfeb
Assessment 3,x0gxz,0,,false,false,-1,2023-01-23T00:00:00.0000,2023-01-23T16:13:55.1730,0,false,false,0,false,,-1,sj_family_products_dangerous_goods,0,fa2ee0e84f8f872941ca5f34b0681f7d37e061d805b48dc83c4336cef0c0f49f,started,80c21ea62e5c15e3d5f8e1cf9d8a7bd3b59ad4387cd96c9121fc18ffa563cfeb
Assessment 3,sle87,0,,false,false,-1,2023-01-23T00:00:00.0000,2023-01-23T16:14:46.0309,0,false,false,0,false,,-1,sj_family_products_dangerous_goods,0,60c8c978b1f6ab3c3118a5751b9e192e5e74b8a0a7c7b2aff962991118171782,started,1888168b03e3b24a71ae44a1f3440fa07576831710df37a6b89b89945eb1fd89
Assessment 3,6slp2,1,0.8,false,true,4,2023-01-23T00:00:00.0000,2023-01-23T16:15:17.0539,297671,false,false,5,true,0.8,5,sj_family_products_dangerous_goods,4,bc0049860809e9a1df892c58f25658726d97a7b5e96bd2d657e7acff82885ba9,completed,5e2eb607c979a1507819583930dd10a22e81d8f17b2b667d7f846a52c02646a5
Assessment 3,x0gxz,1,0.8,false,true,4,2023-01-23T00:00:00.0000,2023-01-23T16:15:30.8750,95692,false,false,5,true,0.8,5,sj_family_products_dangerous_goods,4,fa2ee0e84f8f872941ca5f34b0681f7d37e061d805b48dc83c4336cef0c0f49f,completed,80c21ea62e5c15e3d5f8e1cf9d8a7bd3b59ad4387cd96c9121fc18ffa563cfeb
Assessment 1,wqmq9,0,,false,false,-1,2023-01-23T00:00:00.0000,2023-01-23T16:16:19.2929,0,false,false,0,false,,-1,sj_family_products_dangerous_goods,0,bd76155df610a76757f689202e18080bb652a8aa8d84935340fc3381987acc92,started,708d763e492a40d2af9807752562e9666fd0ef0fcd324a5ee48409c08a52ccc9
Assessment 3,sle87,1,0.8,false,true,4,2023-01-23T00:00:00.0000,2023-01-23T16:16:58.8919,132827,false,false,5,true,0.8,5,sj_family_products_dangerous_goods,4,60c8c978b1f6ab3c3118a5751b9e192e5e74b8a0a7c7b2aff962991118171782,completed,1888168b03e3b24a71ae44a1f3440fa07576831710df37a6b89b89945eb1fd89
Assessment 1,wqmq9,1,1,false,true,5,2023-01-23T00:00:00.0000,2023-01-23T16:17:15.1489,55876,false,false,5,true,1,5,sj_family_products_dangerous_goods,5,bd76155df610a76757f689202e18080bb652a8aa8d84935340fc3381987acc92,completed,708d763e492a40d2af9807752562e9666fd0ef0fcd324a5ee48409c08a52ccc9
Assessment 2,wqmq9,0,,false,false,-1,2023-01-23T00:00:00.0000,2023-01-23T16:17:43.6900,0,false,false,0,false,,-1,sj_family_products_dangerous_goods,0,bd76155df610a76757f689202e18080bb652a8aa8d84935340fc3381987acc92,started,708d763e492a40d2af9807752562e9666fd0ef0fcd324a5ee48409c08a52ccc9
Assessment 2,8o0vx,0,,false,false,-1,2023-01-23T00:00:00.0000,2023-01-23T16:18:19.5480,0,false,false,0,false,,-1,sj_family_products_dangerous_goods,0,7c62a4e969d483623767619cb96ab59355714d5a7f59a53082fcdd7156a53e0e,started,55092dcbdef353564631b8f6adb918a2ca4b5a35fbefbf0dd7a906a2d5ea644f
Assessment 2,wqmq9,1,0.8,false,true,4,2023-01-23T00:00:00.0000,2023-01-23T16:18:40.0650,56370,false,false,5,true,0.8,5,sj_family_products_dangerous_goods,4,bd76155df610a76757f689202e18080bb652a8aa8d84935340fc3381987acc92,completed,708d763e492a40d2af9807752562e9666fd0ef0fcd324a5ee48409c08a52ccc9
Assessment 3,wqmq9,0,,false,false,-1,2023-01-23T00:00:00.0000,2023-01-23T16:18:56.9340,0,false,false,0,false,,-1,sj_family_products_dangerous_goods,0,bd76155df610a76757f689202e18080bb652a8aa8d84935340fc3381987acc92,started,708d763e492a40d2af9807752562e9666fd0ef0fcd324a5ee48409c08a52ccc9
Assessment 2,8o0vx,1,0.8,false,true,4,2023-01-23T00:00:00.0000,2023-01-23T16:19:58.1600,98618,false,false,5,true,0.8,5,sj_family_products_dangerous_goods,4,7c62a4e969d483623767619cb96ab59355714d5a7f59a53082fcdd7156a53e0e,completed,55092dcbdef353564631b8f6adb918a2ca4b5a35fbefbf0dd7a906a2d5ea644f
Assessment 3,wqmq9,1,0.2,false,true,1,2023-01-23T00:00:00.0000,2023-01-23T16:22:07.2309,190291,false,false,5,true,0.2,5,sj_family_products_dangerous_goods,1,bd76155df610a76757f689202e18080bb652a8aa8d84935340fc3381987acc92,completed,708d763e492a40d2af9807752562e9666fd0ef0fcd324a5ee48409c08a52ccc9
Assessment 3,8o0vx,0,,false,false,-1,2023-01-23T00:00:00.0000,2023-01-23T16:22:20.2179,0,false,false,0,false,,-1,sj_family_products_dangerous_goods,0,7c62a4e969d483623767619cb96ab59355714d5a7f59a53082fcdd7156a53e0e,started,55092dcbdef353564631b8f6adb918a2ca4b5a35fbefbf0dd7a906a2d5ea644f
Assessment 3,8o0vx,1,0.6,false,true,3,2023-01-23T00:00:00.0000,2023-01-23T16:29:42.8859,442595,false,false,5,true,0.6,5,sj_family_products_dangerous_goods,3,7c62a4e969d483623767619cb96ab59355714d5a7f59a53082fcdd7156a53e0e,completed,55092dcbdef353564631b8f6adb918a2ca4b5a35fbefbf0dd7a906a2d5ea644f
Assessment 1,c6qm2,0,,false,false,-1,2023-01-23T00:00:00.0000,2023-01-23T19:10:10.9419,0,false,false,0,false,,-1,sj_family_products_dangerous_goods,0,3e6262315f153255e304646e9159bb87c5c13ed35d4bd609738c1b71f848bed4,started,6fddd568a7a23843713d6ed529ef99d9995d703148a5174c663d8776acae90e5
Assessment 1,c6qm2,1,0.2,false,true,1,2023-01-23T00:00:00.0000,2023-01-23T19:11:29.5959,21047,false,false,5,true,0.2,5,sj_family_products_dangerous_goods,1,3e6262315f153255e304646e9159bb87c5c13ed35d4bd609738c1b71f848bed4,completed,6fddd568a7a23843713d6ed529ef99d9995d703148a5174c663d8776acae90e5
Assessment 2,c6qm2,0,,false,false,-1,2023-01-23T00:00:00.0000,2023-01-23T19:11:29.8069,0,false,false,0,false,,-1,sj_family_products_dangerous_goods,0,3e6262315f153255e304646e9159bb87c5c13ed35d4bd609738c1b71f848bed4,started,6fddd568a7a23843713d6ed529ef99d9995d703148a5174c663d8776acae90e5
Assessment 2,c6qm2,1,0.2,false,true,1,2023-01-23T00:00:00.0000,2023-01-23T19:11:30.0329,33831,false,false,5,true,0.2,5,sj_family_products_dangerous_goods,1,3e6262315f153255e304646e9159bb87c5c13ed35d4bd609738c1b71f848bed4,completed,6fddd568a7a23843713d6ed529ef99d9995d703148a5174c663d8776acae90e5
Assessment 3,c6qm2,0,,false,false,-1,2023-01-23T00:00:00.0000,2023-01-23T19:11:30.2790,0,false,false,0,false,,-1,sj_family_products_dangerous_goods,0,3e6262315f153255e304646e9159bb87c5c13ed35d4bd609738c1b71f848bed4,started,6fddd568a7a23843713d6ed529ef99d9995d703148a5174c663d8776acae90e5
Assessment 3,c6qm2,1,0.4,false,true,2,2023-01-23T00:00:00.0000,2023-01-23T19:11:58.0260,28407,false,false,5,true,0.4,5,sj_family_products_dangerous_goods,2,3e6262315f153255e304646e9159bb87c5c13ed35d4bd609738c1b71f848bed4,completed,6fddd568a7a23843713d6ed529ef99d9995d703148a5174c663d8776acae90e5
Assessment 1,g532a,0,,false,false,-1,2023-01-23T00:00:00.0000,2023-01-23T20:59:28.8719,0,false,false,0,false,,-1,sj_family_products_dangerous_goods,0,34afc1a0b5002c57528fbcb59b50ccced814eca6258bfe6072d77390e7aeeda5,started,94a0d925f7873289a4e99d030c5dfd9e86e134f82960aa12123625a0cf55871f
Assessment 1,g532a,1,0.4,false,true,2,2023-01-23T00:00:00.0000,2023-01-23T21:01:27.4319,118869,false,false,5,true,0.4,5,sj_family_products_dangerous_goods,2,34afc1a0b5002c57528fbcb59b50ccced814eca6258bfe6072d77390e7aeeda5,completed,94a0d925f7873289a4e99d030c5dfd9e86e134f82960aa12123625a0cf55871f
Assessment 2,g532a,0,,false,false,-1,2023-01-23T00:00:00.0000,2023-01-23T21:08:22.9609,0,false,false,0,false,,-1,sj_family_products_dangerous_goods,0,34afc1a0b5002c57528fbcb59b50ccced814eca6258bfe6072d77390e7aeeda5,started,94a0d925f7873289a4e99d030c5dfd9e86e134f82960aa12123625a0cf55871f
Assessment 2,g532a,1,1,false,true,5,2023-01-23T00:00:00.0000,2023-01-23T21:13:28.2100,305196,false,false,5,true,1,5,sj_family_products_dangerous_goods,5,34afc1a0b5002c57528fbcb59b50ccced814eca6258bfe6072d77390e7aeeda5,completed,94a0d925f7873289a4e99d030c5dfd9e86e134f82960aa12123625a0cf55871f
Assessment 3,g532a,0,,false,false,-1,2023-01-23T00:00:00.0000,2023-01-23T21:19:24.0150,0,false,false,0,false,,-1,sj_family_products_dangerous_goods,0,34afc1a0b5002c57528fbcb59b50ccced814eca6258bfe6072d77390e7aeeda5,started,94a0d925f7873289a4e99d030c5dfd9e86e134f82960aa12123625a0cf55871f
Assessment 3,g532a,1,0.8,false,true,4,2023-01-23T00:00:00.0000,2023-01-23T21:29:12.9969,589204,false,false,5,true,0.8,5,sj_family_products_dangerous_goods,4,34afc1a0b5002c57528fbcb59b50ccced814eca6258bfe6072d77390e7aeeda5,completed,94a0d925f7873289a4e99d030c5dfd9e86e134f82960aa12123625a0cf55871f
Assessment 1,67rpw,0,,false,false,-1,2023-01-24T00:00:00.0000,2023-01-24T10:00:28.3199,0,false,false,0,false,,-1,sj_family_products_dangerous_goods,0,6b0b3653010436d84ed975445eea41534730159b54fe2da545a7384417e0f171,started,64f4fd7efe70c6e7187bb44f3c628cff723344f4d96219d1ad72244b60d3d61e
Assessment 1,67rpw,1,0.8,false,true,4,2023-01-24T00:00:00.0000,2023-01-24T10:00:54.9879,26714,false,false,5,true,0.8,5,sj_family_products_dangerous_goods,4,6b0b3653010436d84ed975445eea41534730159b54fe2da545a7384417e0f171,completed,64f4fd7efe70c6e7187bb44f3c628cff723344f4d96219d1ad72244b60d3d61e
Assessment 2,67rpw,0,,false,false,-1,2023-01-24T00:00:00.0000,2023-01-24T10:02:48.0409,0,false,false,0,false,,-1,sj_family_products_dangerous_goods,0,6b0b3653010436d84ed975445eea41534730159b54fe2da545a7384417e0f171,started,64f4fd7efe70c6e7187bb44f3c628cff723344f4d96219d1ad72244b60d3d61e
Assessment 2,67rpw,1,0.8,false,true,4,2023-01-24T00:00:00.0000,2023-01-24T10:06:52.4939,244418,false,false,5,true,0.8,5,sj_family_products_dangerous_goods,4,6b0b3653010436d84ed975445eea41534730159b54fe2da545a7384417e0f171,completed,64f4fd7efe70c6e7187bb44f3c628cff723344f4d96219d1ad72244b60d3d61e
Assessment 3,67rpw,0,,false,false,-1,2023-01-24T00:00:00.0000,2023-01-24T10:15:30.9749,0,false,false,0,false,,-1,sj_family_products_dangerous_goods,0,6b0b3653010436d84ed975445eea41534730159b54fe2da545a7384417e0f171,started,64f4fd7efe70c6e7187bb44f3c628cff723344f4d96219d1ad72244b60d3d61e
Assessment 3,67rpw,1,0.8,false,true,4,2023-01-24T00:00:00.0000,2023-01-24T10:20:23.4749,292433,false,false,5,true,0.8,5,sj_family_products_dangerous_goods,4,6b0b3653010436d84ed975445eea41534730159b54fe2da545a7384417e0f171,completed,64f4fd7efe70c6e7187bb44f3c628cff723344f4d96219d1ad72244b60d3d61e
Assessment 1,nu2j2,0,,false,false,-1,2023-01-24T00:00:00.0000,2023-01-24T10:55:39.0079,0,false,false,0,false,,-1,sj_family_products_dangerous_goods,0,e46cbe29f7610b31f497ffc0abe23b37c278ddbc293874c1b8e8ba65f12bf287,started,bd1fb5460fe978ac97938f029be40b853e79998eefdfaaa8631fd3caabb0812b
Assessment 1,nu2j2,1,1,false,true,5,2023-01-24T00:00:00.0000,2023-01-24T10:56:25.4379,46483,false,false,5,true,1,5,sj_family_products_dangerous_goods,5,e46cbe29f7610b31f497ffc0abe23b37c278ddbc293874c1b8e8ba65f12bf287,completed,bd1fb5460fe978ac97938f029be40b853e79998eefdfaaa8631fd3caabb0812b
Assessment 2,nu2j2,0,,false,false,-1,2023-01-24T00:00:00.0000,2023-01-24T10:57:42.7190,0,false,false,0,false,,-1,sj_family_products_dangerous_goods,0,e46cbe29f7610b31f497ffc0abe23b37c278ddbc293874c1b8e8ba65f12bf287,started,bd1fb5460fe978ac97938f029be40b853e79998eefdfaaa8631fd3caabb0812b
Assessment 2,nu2j2,1,1,false,true,5,2023-01-24T00:00:00.0000,2023-01-24T10:58:51.1040,68385,false,false,5,true,1,5,sj_family_products_dangerous_goods,5,e46cbe29f7610b31f497ffc0abe23b37c278ddbc293874c1b8e8ba65f12bf287,completed,bd1fb5460fe978ac97938f029be40b853e79998eefdfaaa8631fd3caabb0812b
Assessment 3,nu2j2,0,,false,false,-1,2023-01-24T00:00:00.0000,2023-01-24T11:00:46.0169,0,false,false,0,false,,-1,sj_family_products_dangerous_goods,0,e46cbe29f7610b31f497ffc0abe23b37c278ddbc293874c1b8e8ba65f12bf287,started,bd1fb5460fe978ac97938f029be40b853e79998eefdfaaa8631fd3caabb0812b
Assessment 3,nu2j2,1,0.8,false,true,4,2023-01-24T00:00:00.0000,2023-01-24T11:02:54.0350,128017,false,false,5,true,0.8,5,sj_family_products_dangerous_goods,4,e46cbe29f7610b31f497ffc0abe23b37c278ddbc293874c1b8e8ba65f12bf287,completed,bd1fb5460fe978ac97938f029be40b853e79998eefdfaaa8631fd3caabb0812b
Assessment 1,0t2nf,0,,false,false,-1,2023-01-24T00:00:00.0000,2023-01-24T11:54:10.3090,0,false,false,0,false,,-1,sj_family_products_dangerous_goods,0,adcfb512a310f4efcdf153a44b9521b10802ccb6c95a1cd7d17390f87c3a0d0b,started,0ca08c21e853c719826f026d0655ada5b2f1cb7c96623ec75516fd0af4c17da1
Assessment 1,0t2nf,1,1,false,true,5,2023-01-24T00:00:00.0000,2023-01-24T11:55:08.8310,58597,false,false,5,true,1,5,sj_family_products_dangerous_goods,5,adcfb512a310f4efcdf153a44b9521b10802ccb6c95a1cd7d17390f87c3a0d0b,completed,0ca08c21e853c719826f026d0655ada5b2f1cb7c96623ec75516fd0af4c17da1
Assessment 2,0t2nf,0,,false,false,-1,2023-01-24T00:00:00.0000,2023-01-24T11:56:49.4639,0,false,false,0,false,,-1,sj_family_products_dangerous_goods,0,adcfb512a310f4efcdf153a44b9521b10802ccb6c95a1cd7d17390f87c3a0d0b,started,0ca08c21e853c719826f026d0655ada5b2f1cb7c96623ec75516fd0af4c17da1
Assessment 2,0t2nf,1,1,false,true,5,2023-01-24T00:00:00.0000,2023-01-24T11:58:44.6679,115204,false,false,5,true,1,5,sj_family_products_dangerous_goods,5,adcfb512a310f4efcdf153a44b9521b10802ccb6c95a1cd7d17390f87c3a0d0b,completed,0ca08c21e853c719826f026d0655ada5b2f1cb7c96623ec75516fd0af4c17da1
Assessment 3,0t2nf,0,,false,false,-1,2023-01-24T00:00:00.0000,2023-01-24T12:00:56.0880,0,false,false,0,false,,-1,sj_family_products_dangerous_goods,0,adcfb512a310f4efcdf153a44b9521b10802ccb6c95a1cd7d17390f87c3a0d0b,started,0ca08c21e853c719826f026d0655ada5b2f1cb7c96623ec75516fd0af4c17da1
Assessment 3,0t2nf,1,0.8,false,true,4,2023-01-24T00:00:00.0000,2023-01-24T12:03:57.6619,181542,false,false,5,true,0.8,5,sj_family_products_dangerous_goods,4,adcfb512a310f4efcdf153a44b9521b10802ccb6c95a1cd7d17390f87c3a0d0b,completed,0ca08c21e853c719826f026d0655ada5b2f1cb7c96623ec75516fd0af4c17da1
Assessment 1,si0us,0,,false,false,-1,2023-01-24T00:00:00.0000,2023-01-24T16:05:09.0490,0,false,false,0,false,,-1,sj_family_products_dangerous_goods,0,c96a935b8a0a33510de6d89fef610652751e087705008830ec73dd597fb23238,started,f819ef37f799e75d9e32d8c194df6c97e7d4099f57bff74f9cd41f7723d4242a
Assessment 1,si0us,1,0.8,false,true,4,2023-01-24T00:00:00.0000,2023-01-24T16:05:42.1619,33147,false,false,5,true,0.8,5,sj_family_products_dangerous_goods,4,c96a935b8a0a33510de6d89fef610652751e087705008830ec73dd597fb23238,completed,f819ef37f799e75d9e32d8c194df6c97e7d4099f57bff74f9cd41f7723d4242a
Assessment 2,si0us,0,,false,false,-1,2023-01-24T00:00:00.0000,2023-01-24T16:06:41.5020,0,false,false,0,false,,-1,sj_family_products_dangerous_goods,0,c96a935b8a0a33510de6d89fef610652751e087705008830ec73dd597fb23238,started,f819ef37f799e75d9e32d8c194df6c97e7d4099f57bff74f9cd41f7723d4242a
Assessment 2,si0us,1,0.8,false,true,4,2023-01-24T00:00:00.0000,2023-01-24T16:08:13.3440,91816,false,false,5,true,0.8,5,sj_family_products_dangerous_goods,4,c96a935b8a0a33510de6d89fef610652751e087705008830ec73dd597fb23238,completed,f819ef37f799e75d9e32d8c194df6c97e7d4099f57bff74f9cd41f7723d4242a
Assessment 3,si0us,0,,false,false,-1,2023-01-24T00:00:00.0000,2023-01-24T16:12:56.0559,0,false,false,0,false,,-1,sj_family_products_dangerous_goods,0,c96a935b8a0a33510de6d89fef610652751e087705008830ec73dd597fb23238,started,f819ef37f799e75d9e32d8c194df6c97e7d4099f57bff74f9cd41f7723d4242a
Assessment 3,si0us,1,0.8,false,true,4,2023-01-24T00:00:00.0000,2023-01-24T16:16:55.5460,239464,false,false,5,true,0.8,5,sj_family_products_dangerous_goods,4,c96a935b8a0a33510de6d89fef610652751e087705008830ec73dd597fb23238,completed,f819ef37f799e75d9e32d8c194df6c97e7d4099f57bff74f9cd41f7723d4242a
Assessment 1,80vqi,0,,false,false,-1,2023-01-24T00:00:00.0000,2023-01-24T17:10:16.4749,0,false,false,0,false,,-1,sj_family_products_dangerous_goods,0,9786c6e01e60ae13f9098f63a211a1134fe2ccbf0dca0a43d1995e4c091e745a,started,adecfaaa9f06944de6d303057a946282273b5d7acd93ba6a4c356dc7da7abd93
Assessment 1,80vqi,1,0.6,false,true,3,2023-01-24T00:00:00.0000,2023-01-24T17:11:06.7560,50972,false,false,5,true,0.6,5,sj_family_products_dangerous_goods,3,9786c6e01e60ae13f9098f63a211a1134fe2ccbf0dca0a43d1995e4c091e745a,completed,adecfaaa9f06944de6d303057a946282273b5d7acd93ba6a4c356dc7da7abd93
Assessment 2,80vqi,0,,false,false,-1,2023-01-24T00:00:00.0000,2023-01-24T17:11:36.0520,0,false,false,0,false,,-1,sj_family_products_dangerous_goods,0,9786c6e01e60ae13f9098f63a211a1134fe2ccbf0dca0a43d1995e4c091e745a,started,adecfaaa9f06944de6d303057a946282273b5d7acd93ba6a4c356dc7da7abd93
Assessment 2,80vqi,1,0.6,false,true,3,2023-01-24T00:00:00.0000,2023-01-24T17:12:30.1199,54036,false,false,5,true,0.6,5,sj_family_products_dangerous_goods,3,9786c6e01e60ae13f9098f63a211a1134fe2ccbf0dca0a43d1995e4c091e745a,completed,adecfaaa9f06944de6d303057a946282273b5d7acd93ba6a4c356dc7da7abd93
Assessment 3,80vqi,0,,false,false,-1,2023-01-24T00:00:00.0000,2023-01-24T17:12:54.3849,0,false,false,0,false,,-1,sj_family_products_dangerous_goods,0,9786c6e01e60ae13f9098f63a211a1134fe2ccbf0dca0a43d1995e4c091e745a,started,adecfaaa9f06944de6d303057a946282273b5d7acd93ba6a4c356dc7da7abd93
Assessment 3,80vqi,1,0.6,false,true,3,2023-01-24T00:00:00.0000,2023-01-24T17:14:10.3420,75961,false,false,5,true,0.6,5,sj_family_products_dangerous_goods,3,9786c6e01e60ae13f9098f63a211a1134fe2ccbf0dca0a43d1995e4c091e745a,completed,adecfaaa9f06944de6d303057a946282273b5d7acd93ba6a4c356dc7da7abd93
Assessment 1,cj7m8,0,,false,false,-1,2023-01-24T00:00:00.0000,2023-01-24T20:11:55.5759,0,false,false,0,false,,-1,sj_family_products_dangerous_goods,0,6855951bd1ac44cacb8d65ea5ed3148878942dddf03385df7f34700bfb0aeb1b,started,219b92b619072de32207cf08776c85f2f57aaf6bfa90d3d6d65cd554685debb9
Assessment 1,cj7m8,1,0.6,false,true,3,2023-01-24T00:00:00.0000,2023-01-24T20:12:31.5409,36289,false,false,5,true,0.6,5,sj_family_products_dangerous_goods,3,6855951bd1ac44cacb8d65ea5ed3148878942dddf03385df7f34700bfb0aeb1b,completed,219b92b619072de32207cf08776c85f2f57aaf6bfa90d3d6d65cd554685debb9
Assessment 2,cj7m8,0,,false,false,-1,2023-01-24T00:00:00.0000,2023-01-24T20:13:00.3940,0,false,false,0,false,,-1,sj_family_products_dangerous_goods,0,6855951bd1ac44cacb8d65ea5ed3148878942dddf03385df7f34700bfb0aeb1b,started,219b92b619072de32207cf08776c85f2f57aaf6bfa90d3d6d65cd554685debb9
Assessment 2,cj7m8,1,0.6,false,true,3,2023-01-24T00:00:00.0000,2023-01-24T20:13:51.1549,50748,false,false,5,true,0.6,5,sj_family_products_dangerous_goods,3,6855951bd1ac44cacb8d65ea5ed3148878942dddf03385df7f34700bfb0aeb1b,completed,219b92b619072de32207cf08776c85f2f57aaf6bfa90d3d6d65cd554685debb9
Assessment 3,cj7m8,0,,false,false,-1,2023-01-24T00:00:00.0000,2023-01-24T20:14:23.8059,0,false,false,0,false,,-1,sj_family_products_dangerous_goods,0,6855951bd1ac44cacb8d65ea5ed3148878942dddf03385df7f34700bfb0aeb1b,started,219b92b619072de32207cf08776c85f2f57aaf6bfa90d3d6d65cd554685debb9
Assessment 3,cj7m8,1,0.2,false,true,1,2023-01-24T00:00:00.0000,2023-01-24T20:16:03.2809,99444,false,false,5,true,0.2,5,sj_family_products_dangerous_goods,1,6855951bd1ac44cacb8d65ea5ed3148878942dddf03385df7f34700bfb0aeb1b,completed,219b92b619072de32207cf08776c85f2f57aaf6bfa90d3d6d65cd554685debb9
Assessment 1,bbot4,0,,false,false,-1,2023-01-25T00:00:00.0000,2023-01-25T16:36:48.0980,0,false,false,0,false,,-1,sj_family_products_dangerous_goods,0,89e0ee30d58c10015ad3e22c62af4c51fd2502106fbb7250772547875dc8a255,started,44f5d77885ab980175e00b94ed50c2a9400a50fada23c4662d7361b6760123f3
Assessment 1,bbot4,1,1,false,true,5,2023-01-25T00:00:00.0000,2023-01-25T16:37:25.5409,37520,false,false,5,true,1,5,sj_family_products_dangerous_goods,5,89e0ee30d58c10015ad3e22c62af4c51fd2502106fbb7250772547875dc8a255,completed,44f5d77885ab980175e00b94ed50c2a9400a50fada23c4662d7361b6760123f3
Assessment 2,bbot4,0,,false,false,-1,2023-01-25T00:00:00.0000,2023-01-25T16:37:52.0750,0,false,false,0,false,,-1,sj_family_products_dangerous_goods,0,89e0ee30d58c10015ad3e22c62af4c51fd2502106fbb7250772547875dc8a255,started,44f5d77885ab980175e00b94ed50c2a9400a50fada23c4662d7361b6760123f3
Assessment 2,bbot4,1,1,false,true,5,2023-01-25T00:00:00.0000,2023-01-25T16:38:36.1840,43922,false,false,5,true,1,5,sj_family_products_dangerous_goods,5,89e0ee30d58c10015ad3e22c62af4c51fd2502106fbb7250772547875dc8a255,completed,44f5d77885ab980175e00b94ed50c2a9400a50fada23c4662d7361b6760123f3
Assessment 3,bbot4,0,,false,false,-1,2023-01-25T00:00:00.0000,2023-01-25T16:40:31.7449,0,false,false,0,false,,-1,sj_family_products_dangerous_goods,0,89e0ee30d58c10015ad3e22c62af4c51fd2502106fbb7250772547875dc8a255,started,44f5d77885ab980175e00b94ed50c2a9400a50fada23c4662d7361b6760123f3
Assessment 3,bbot4,1,0.2,false,true,1,2023-01-25T00:00:00.0000,2023-01-25T16:41:22.5130,50771,false,false,5,true,0.2,5,sj_family_products_dangerous_goods,1,89e0ee30d58c10015ad3e22c62af4c51fd2502106fbb7250772547875dc8a255,completed,44f5d77885ab980175e00b94ed50c2a9400a50fada23c4662d7361b6760123f3
Assessment 1,e9bnt,0,,false,false,-1,2023-01-25T00:00:00.0000,2023-01-25T17:38:22.5710,0,false,false,0,false,,-1,sj_family_products_dangerous_goods,0,64cea74ec5544aa0e2b1e298bf3862f6d983a3b2fecaf224f35e63b0eb7bc42b,started,7b7610778cd821d3626f47f514808069660366285052c1e941a441715645d54b
Assessment 1,e9bnt,1,1,false,true,5,2023-01-25T00:00:00.0000,2023-01-25T17:39:00.9019,38583,false,false,5,true,1,5,sj_family_products_dangerous_goods,5,64cea74ec5544aa0e2b1e298bf3862f6d983a3b2fecaf224f35e63b0eb7bc42b,completed,7b7610778cd821d3626f47f514808069660366285052c1e941a441715645d54b
Assessment 2,e9bnt,0,,false,false,-1,2023-01-25T00:00:00.0000,2023-01-25T17:39:39.5520,0,false,false,0,false,,-1,sj_family_products_dangerous_goods,0,64cea74ec5544aa0e2b1e298bf3862f6d983a3b2fecaf224f35e63b0eb7bc42b,started,7b7610778cd821d3626f47f514808069660366285052c1e941a441715645d54b
Assessment 2,e9bnt,1,1,false,true,5,2023-01-25T00:00:00.0000,2023-01-25T17:50:43.5150,663941,false,false,5,true,1,5,sj_family_products_dangerous_goods,5,64cea74ec5544aa0e2b1e298bf3862f6d983a3b2fecaf224f35e63b0eb7bc42b,completed,7b7610778cd821d3626f47f514808069660366285052c1e941a441715645d54b
Assessment 3,e9bnt,0,,false,false,-1,2023-01-25T00:00:00.0000,2023-01-25T17:51:15.8540,0,false,false,0,false,,-1,sj_family_products_dangerous_goods,0,64cea74ec5544aa0e2b1e298bf3862f6d983a3b2fecaf224f35e63b0eb7bc42b,started,7b7610778cd821d3626f47f514808069660366285052c1e941a441715645d54b
Assessment 3,e9bnt,1,0.4,false,true,2,2023-01-25T00:00:00.0000,2023-01-25T17:53:09.5060,113671,false,false,5,true,0.4,5,sj_family_products_dangerous_goods,2,64cea74ec5544aa0e2b1e298bf3862f6d983a3b2fecaf224f35e63b0eb7bc42b,completed,7b7610778cd821d3626f47f514808069660366285052c1e941a441715645d54b
Assessment 1,0ejtp,0,,false,false,-1,2023-01-26T00:00:00.0000,2023-01-26T11:12:47.8629,0,false,false,0,false,,-1,sj_family_products_dangerous_goods,0,89f75315da38861f367b2317d58eb1c831de5a3ad20ca7554e4d1590efbe4250,started,8c6976e5b5410415bde908bd4dee15dfb167a9c873fc4bb8a81f6f2ab448a918
Assessment 1,0ejtp,1,0.6,false,true,3,2023-01-26T00:00:00.0000,2023-01-26T11:14:00.1909,72407,false,false,5,true,0.6,5,sj_family_products_dangerous_goods,3,89f75315da38861f367b2317d58eb1c831de5a3ad20ca7554e4d1590efbe4250,completed,8c6976e5b5410415bde908bd4dee15dfb167a9c873fc4bb8a81f6f2ab448a918
Assessment 3,0ejtp,0,,false,false,-1,2023-01-26T00:00:00.0000,2023-01-26T11:14:33.3959,0,false,false,0,false,,-1,sj_family_products_dangerous_goods,0,89f75315da38861f367b2317d58eb1c831de5a3ad20ca7554e4d1590efbe4250,started,8c6976e5b5410415bde908bd4dee15dfb167a9c873fc4bb8a81f6f2ab448a918
Assessment 1,cr9oy,0,,false,false,-1,2023-01-26T00:00:00.0000,2023-01-26T14:27:23.2860,0,false,false,0,false,,-1,sj_family_products_dangerous_goods,0,dc92481f754e503b03107ada8437472257a883451473a31f0f2a2198b73c9691,started,fc091848419422e3601329bb0761be5fcaf1bf9226b95180f081a12532e3917c
Assessment 1,cr9oy,1,0.8,false,true,4,2023-01-26T00:00:00.0000,2023-01-26T14:27:23.6180,69987,false,false,5,true,0.8,5,sj_family_products_dangerous_goods,4,dc92481f754e503b03107ada8437472257a883451473a31f0f2a2198b73c9691,completed,fc091848419422e3601329bb0761be5fcaf1bf9226b95180f081a12532e3917c
Assessment 2,cr9oy,0,,false,false,-1,2023-01-26T00:00:00.0000,2023-01-26T14:27:23.8949,0,false,false,0,false,,-1,sj_family_products_dangerous_goods,0,dc92481f754e503b03107ada8437472257a883451473a31f0f2a2198b73c9691,started,fc091848419422e3601329bb0761be5fcaf1bf9226b95180f081a12532e3917c
Assessment 2,cr9oy,1,0.4,false,true,2,2023-01-26T00:00:00.0000,2023-01-26T14:27:24.1770,61498,false,false,5,true,0.4,5,sj_family_products_dangerous_goods,2,dc92481f754e503b03107ada8437472257a883451473a31f0f2a2198b73c9691,completed,fc091848419422e3601329bb0761be5fcaf1bf9226b95180f081a12532e3917c
Assessment 3,cr9oy,0,,false,false,-1,2023-01-26T00:00:00.0000,2023-01-26T14:27:24.4670,0,false,false,0,false,,-1,sj_family_products_dangerous_goods,0,dc92481f754e503b03107ada8437472257a883451473a31f0f2a2198b73c9691,started,fc091848419422e3601329bb0761be5fcaf1bf9226b95180f081a12532e3917c
Assessment 1,wydjr,0,,false,false,-1,2023-01-30T00:00:00.0000,2023-01-30T16:23:16.0179,0,false,false,0,false,,-1,sj_family_products_dangerous_goods,0,b959fbf64e97459dd22f4fc9de3608953ecb3eb79d4241c372c8b2a6b9e17681,started,d63ceef167e6b734128680c95b99b4431843417a5efee538b9a3c50d9d563613
Assessment 1,wydjr,1,0.8,false,true,4,2023-01-30T00:00:00.0000,2023-01-30T16:23:50.8519,34678,false,false,5,true,0.8,5,sj_family_products_dangerous_goods,4,b959fbf64e97459dd22f4fc9de3608953ecb3eb79d4241c372c8b2a6b9e17681,completed,d63ceef167e6b734128680c95b99b4431843417a5efee538b9a3c50d9d563613
Assessment 2,0ejtp,0,0,false,false,-1,2023-01-31T00:00:00.0000,2023-01-31T12:32:07.1559,0,false,false,5,false,0,-1,sj_family_products_dangerous_goods,0,eeec211afc309b1ef717ecd1a6e8bb88ca7bff561019c9bf741ece3d8c3539c7,started,8c6976e5b5410415bde908bd4dee15dfb167a9c873fc4bb8a81f6f2ab448a918
Assessment 2,0ejtp,1,0.4,false,true,2,2023-01-31T00:00:00.0000,2023-01-31T12:32:35.2760,28097,false,false,5,true,0.4,5,sj_family_products_dangerous_goods,2,eeec211afc309b1ef717ecd1a6e8bb88ca7bff561019c9bf741ece3d8c3539c7,completed,8c6976e5b5410415bde908bd4dee15dfb167a9c873fc4bb8a81f6f2ab448a918
Assessment 3,gdkj2,0,,false,false,-1,2023-06-05T00:00:00.0000,2023-06-05T10:50:54.3900,0,false,false,0,false,,-1,sj_family_products_dangerous_goods,0,8431e6468064b84b7dec5dfa2466d3d3d2eea5716adc00d442d72d9d8b42065b,started,3e63264e969211153630003042862a0011f6f959d3b01ca2f7155667b07734e0
Assessment 1,w9kbr,0,,false,false,-1,2023-08-03T00:00:00.0000,2023-08-03T09:21:00.5380,0,false,false,0,false,,-1,sj_family_products_dangerous_goods,0,358c8292c623a005fe8d3411fd6e56dbbf3addcf5bcced784c9187bd59556c18,started,8c6976e5b5410415bde908bd4dee15dfb167a9c873fc4bb8a81f6f2ab448a918
Assessment 1,w9kbr,1,0.4,false,true,2,2023-08-03T00:00:00.0000,2023-08-03T09:21:36.9590,36430,false,false,5,true,0.4,5,sj_family_products_dangerous_goods,2,358c8292c623a005fe8d3411fd6e56dbbf3addcf5bcced784c9187bd59556c18,completed,8c6976e5b5410415bde908bd4dee15dfb167a9c873fc4bb8a81f6f2ab448a918
Assessment 2,w9kbr,0,,false,false,-1,2023-08-03T00:00:00.0000,2023-08-03T09:21:57.5109,0,false,false,0,false,,-1,sj_family_products_dangerous_goods,0,358c8292c623a005fe8d3411fd6e56dbbf3addcf5bcced784c9187bd59556c18,started,8c6976e5b5410415bde908bd4dee15dfb167a9c873fc4bb8a81f6f2ab448a918
Assessment 2,w9kbr,1,0.8,false,true,4,2023-08-03T00:00:00.0000,2023-08-03T09:22:34.3689,36872,false,false,5,true,0.8,5,sj_family_products_dangerous_goods,4,358c8292c623a005fe8d3411fd6e56dbbf3addcf5bcced784c9187bd59556c18,completed,8c6976e5b5410415bde908bd4dee15dfb167a9c873fc4bb8a81f6f2ab448a918
Assessment 3,w9kbr,0,,false,false,-1,2023-08-03T00:00:00.0000,2023-08-03T09:22:53.1089,0,false,false,0,false,,-1,sj_family_products_dangerous_goods,0,358c8292c623a005fe8d3411fd6e56dbbf3addcf5bcced784c9187bd59556c18,started,8c6976e5b5410415bde908bd4dee15dfb167a9c873fc4bb8a81f6f2ab448a918
Assessment 3,w9kbr,1,0.4,false,true,2,2023-08-03T00:00:00.0000,2023-08-03T09:23:28.5510,35472,false,false,5,true,0.4,5,sj_family_products_dangerous_goods,2,358c8292c623a005fe8d3411fd6e56dbbf3addcf5bcced784c9187bd59556c18,completed,8c6976e5b5410415bde908bd4dee15dfb167a9c873fc4bb8a81f6f2ab448a918
Assessment 1,o6xgi,0,,false,false,-1,2023-12-01T00:00:00.0000,2023-12-01T12:23:49.6489,0,false,false,0,false,,-1,sj_family_products_dangerous_goods,0,4c3a7e36420a3c92c0d507120783936c0000514617078d5f667df32a6c04f4a8,started,8c6976e5b5410415bde908bd4dee15dfb167a9c873fc4bb8a81f6f2ab448a918
Assessment 1,o6xgi,1,0.6,false,true,3,2023-12-01T00:00:00.0000,2023-12-01T12:24:25.2599,35624,false,false,5,true,0.6,5,sj_family_products_dangerous_goods,3,4c3a7e36420a3c92c0d507120783936c0000514617078d5f667df32a6c04f4a8,completed,8c6976e5b5410415bde908bd4dee15dfb167a9c873fc4bb8a81f6f2ab448a918
Assessment 2,o6xgi,0,,false,false,-1,2023-12-01T00:00:00.0000,2023-12-01T12:24:38.0269,0,false,false,0,false,,-1,sj_family_products_dangerous_goods,0,4c3a7e36420a3c92c0d507120783936c0000514617078d5f667df32a6c04f4a8,started,8c6976e5b5410415bde908bd4dee15dfb167a9c873fc4bb8a81f6f2ab448a918
Assessment 2,o6xgi,1,1,false,true,5,2023-12-01T00:00:00.0000,2023-12-01T12:25:04.7769,26756,false,false,5,true,1,5,sj_family_products_dangerous_goods,5,4c3a7e36420a3c92c0d507120783936c0000514617078d5f667df32a6c04f4a8,completed,8c6976e5b5410415bde908bd4dee15dfb167a9c873fc4bb8a81f6f2ab448a918
Assessment 3,o6xgi,0,,false,false,-1,2023-12-01T00:00:00.0000,2023-12-01T12:25:18.1029,0,false,false,0,false,,-1,sj_family_products_dangerous_goods,0,4c3a7e36420a3c92c0d507120783936c0000514617078d5f667df32a6c04f4a8,started,8c6976e5b5410415bde908bd4dee15dfb167a9c873fc4bb8a81f6f2ab448a918
Assessment 3,o6xgi,1,0.8,false,true,4,2023-12-01T00:00:00.0000,2023-12-01T12:25:51.1549,33055,false,false,5,true,0.8,5,sj_family_products_dangerous_goods,4,4c3a7e36420a3c92c0d507120783936c0000514617078d5f667df32a6c04f4a8,completed,8c6976e5b5410415bde908bd4dee15dfb167a9c873fc4bb8a81f6f2ab448a918
